,race,year,stage,distance,vert_meters,profile_score,startlist_qual,time_gap
0,vuelta-a-espana,2000,1,13.300000190734863,146.0,11.0,981.0,"[2.0, 4.0, 15.0, 21.0, 28.0, 30.0, 32.0, 33.0, 34.0, 0, 36.0, 38.0, 0, 40.0, 0]"
1,vuelta-a-espana,2000,2,167.5,1495.0,20.0,981.0,"[0, 0, 0, 0, 0, 0, 0, 0, 0, 0, 0, 0, 0, 0, 0]"
2,vuelta-a-espana,2000,3,198.0,1495.0,20.0,981.0,"[0, 0, 0, 0, 0, 0, 0, 0, 0, 0, 0, 0, 0, 0, 0]"
3,vuelta-a-espana,2000,4,159.0,596.0,2.0,981.0,"[0, 0, 0, 0, 0, 0, 0, 0, 0, 0, 0, 0, 0, 0, 0]"
4,vuelta-a-espana,2000,5,152.0,1113.0,132.0,981.0,"[3.0, 9.0, 0, 32.0, 0, 41.0, 0, 0, 0, 0, 47.0, 0, 0, 0, 0]"
5,vuelta-a-espana,2000,6,155.5,794.0,12.0,981.0,"[0, 0, 0, 0, 0, 0, 0, 0, 0, 0, 0, 0, 0, 0, 0]"
6,vuelta-a-espana,2000,7,175.0,1530.0,74.0,981.0,"[2.0, 3.0, 0, 0, 0, 0, 0, 0, 0, 0, 0, 0, 0, 0, 0]"
7,vuelta-a-espana,2000,8,170.0,1269.0,29.0,981.0,"[0, 0, 0, 0, 0, 0, 0, 0, 0, 0, 0, 0, 0, 0, 0]"
8,vuelta-a-espana,2000,9,38.0,167.0,4.0,981.0,"[13.0, 15.0, 43.0, 55.0, 61.1, 96.1, 106.1, 0, 109.1, 119.1, 0, 120.2, 122.2, 124.2, 137.2]"
9,vuelta-a-espana,2000,10,165.8000030517578,3321.0,227.0,981.0,"[0, 2.0, 15.0, 0, 17.0, 40.0, 57.0, 101.1, 127.2, 141.2, 143.2, 0, 0, 153.2, 0]"
10,vuelta-a-espana,2000,11,136.5,3628.0,379.0,981.0,"[50.0, 64.1, 110.1, 0, 120.2, 157.2, 160.2, 162.2, 177.2, 0, 0, 179.2, 185.3, 206.3, 0]"
11,vuelta-a-espana,2000,12,132.0,392.0,1.0,981.0,"[0, 0, 0, 0, 0, 0, 0, 0, 0, 0, 0, 0, 0, 0, 0]"
12,vuelta-a-espana,2000,13,143.3000030517578,1447.0,62.0,981.0,"[23.0, 0, 0, 0, 132.2, 0, 140.2, 0, 0, 0, 0, 0, 0, 0, 0]"
13,vuelta-a-espana,2000,14,146.5,2412.0,258.0,981.0,"[57.0, 60.1, 86.1, 95.1, 97.1, 118.1, 0, 120.2, 122.2, 134.2, 135.2, 0, 0, 138.2, 139.2]"
14,vuelta-a-espana,2000,15,164.0,2193.0,75.0,981.0,"[0, 0, 0, 0, 16.0, 316.5, 0, 0, 0, 0, 0, 0, 0, 0, 0]"
15,vuelta-a-espana,2000,16,168.0,4005.0,404.0,981.0,"[139.2, 178.2, 191.3, 267.4, 0, 284.4, 316.5, 0, 346.5, 0, 348.5, 399.6, 0, 412.6, 0]"
16,vuelta-a-espana,2000,17,155.5,632.0,4.0,981.0,"[9.0, 0, 0, 0, 57.0, 0, 0, 0, 0, 0, 0, 0, 0, 0, 0]"
17,vuelta-a-espana,2000,18,160.0,2713.0,143.0,981.0,"[0, 0, 61.1, 0, 0, 0, 0, 0, 0, 0, 0, 0, 0, 0, 0]"
18,vuelta-a-espana,2000,19,130.0,919.0,22.0,981.0,"[0, 0, 0, 0, 0, 0, 0, 0, 0, 0, 0, 0, 0, 0, 0]"
19,vuelta-a-espana,2000,20,125.0,2376.0,172.0,981.0,"[0, 3.0, 45.0, 0, 0, 0, 47.0, 48.0, 0, 0, 0, 63.1, 64.1, 68.1, 89.1]"
20,vuelta-a-espana,2000,21,38.0,334.0,11.0,981.0,"[6.0, 61.1, 65.1, 79.1, 88.1, 110.1, 119.1, 0, 123.2, 133.2, 147.2, 153.2, 0, 158.2, 159.2]"
21,vuelta-a-espana,2000,22,,,,,
22,vuelta-a-espana,2001,1,12.300000190734863,95.0,2.0,971.0,"[1.0, 6.0, 17.0, 23.0, 24.0, 25.0, 26.0, 0, 28.0, 30.0, 31.0, 32.0, 33.0, 0, 34.0]"
23,vuelta-a-espana,2001,2,147.1999969482422,673.0,12.0,971.0,"[0, 0, 0, 3.0, 0, 0, 0, 0, 0, 0, 0, 0, 0, 0, 0]"
24,vuelta-a-espana,2001,3,140.5,567.0,3.0,971.0,"[0, 0, 0, 0, 0, 0, 0, 0, 0, 0, 0, 0, 0, 0, 0]"
25,vuelta-a-espana,2001,4,175.0,1942.0,50.0,971.0,"[0, 0, 0, 0, 0, 0, 0, 0, 4.0, 5.0, 16.0, 0, 0, 18.0, 21.0]"
26,vuelta-a-espana,2001,5,160.8000030517578,2946.0,282.0,971.0,"[33.0, 58.0, 77.1, 81.1, 0, 0, 0, 0, 0, 0, 0, 97.1, 126.2, 130.2, 151.2]"
27,vuelta-a-espana,2001,6,180.60000610351562,2382.0,107.0,971.0,"[0, 58.0, 0, 0, 0, 0, 0, 0, 0, 0, 0, 0, 0, 0, 0]"
28,vuelta-a-espana,2001,7,44.20000076293945,516.0,33.0,971.0,"[29.0, 44.0, 64.1, 86.1, 87.1, 106.1, 109.1, 0, 140.2, 154.2, 160.2, 167.2, 168.2, 169.2, 0]"
29,vuelta-a-espana,2001,8,195.0,2472.0,163.0,971.0,"[23.0, 28.0, 30.0, 0, 47.0, 48.0, 57.0, 60.1, 62.1, 71.1, 96.1, 0, 0, 0, 0]"
30,vuelta-a-espana,2001,9,179.1999969482422,650.0,2.0,971.0,"[0, 0, 0, 0, 0, 0, 0, 0, 0, 0, 0, 0, 0, 0, 0]"
31,vuelta-a-espana,2001,10,168.39999389648438,3669.0,208.0,971.0,"[177.2, 249.4, 259.4, 263.4, 0, 0, 0, 0, 0, 0, 0, 0, 0, 0, 0]"
32,vuelta-a-espana,2001,11,154.1999969482422,3728.0,252.0,971.0,"[104.1, 0, 0, 0, 0, 0, 109.1, 130.2, 151.2, 0, 168.2, 0, 0, 0, 178.2]"
33,vuelta-a-espana,2001,12,17.100000381469727,943.0,142.0,971.0,"[28.0, 31.0, 33.0, 36.0, 41.0, 44.0, 48.0, 51.0, 55.0, 59.0, 60.1, 61.1, 65.1, 66.1, 83.1]"
34,vuelta-a-espana,2001,13,206.0,2050.0,53.0,971.0,"[0, 0, 0, 0, 0, 0, 4.0, 35.0, 0, 0, 0, 0, 0, 0, 0]"
35,vuelta-a-espana,2001,14,170.5,1376.0,20.0,971.0,"[0, 15.0, 28.0, 0, 0, 0, 0, 0, 0, 0, 0, 0, 33.0, 584.9, 0]"
36,vuelta-a-espana,2001,15,207.1999969482422,3575.0,257.0,971.0,"[15.0, 0, 0, 22.0, 34.0, 50.0, 0, 57.0, 64.1, 0, 0, 80.1, 103.1, 125.2, 137.2]"
37,vuelta-a-espana,2001,16,153.3000030517578,1118.0,51.0,971.0,"[0, 0, 0, 0, 0, 0, 0, 0, 0, 0, 0, 0, 0, 0, 0]"
38,vuelta-a-espana,2001,17,159.5,1387.0,9.0,971.0,"[0, 0, 0, 0, 0, 0, 0, 0, 0, 0, 0, 0, 0, 0, 0]"
39,vuelta-a-espana,2001,18,154.1999969482422,1197.0,42.0,971.0,"[28.0, 0, 0, 0, 0, 59.0, 0, 0, 0, 0, 0, 0, 0, 0, 0]"
40,vuelta-a-espana,2001,19,168.0,1874.0,72.0,971.0,"[2.0, 0, 10.0, 44.0, 0, 0, 0, 46.0, 101.1, 102.1, 1001.5, 0, 0, 1021.5, 0]"
41,vuelta-a-espana,2001,20,176.3000030517578,2991.0,218.0,971.0,"[2.0, 15.0, 0, 0, 0, 0, 0, 0, 0, 0, 35.0, 0, 45.0, 76.1, 0]"
42,vuelta-a-espana,2001,21,38.0,414.0,16.0,971.0,"[14.0, 37.0, 45.0, 56.0, 83.1, 105.1, 106.1, 117.1, 123.2, 130.2, 139.2, 144.2, 163.2, 166.2, 168.2]"
43,vuelta-a-espana,2001,22,,,,,
44,vuelta-a-espana,2002,1,24.5,44.0,0.0,1084.0,"[1563.5, 1563.6, 1563.9, 1564.4, 1564.7, 1564.8, 1620.0, 1620.3, 1620.4, 1620.8, 1621.5, 1621.5, 1622.0, 1622.4, 1623.4]"
45,vuelta-a-espana,2002,2,144.6999969482422,1892.0,87.0,1084.0,"[0, 0, 0, 0, 0, 0, 0, 0, 0, 0, 0, 0, 0, 0, 0]"
46,vuelta-a-espana,2002,3,134.1999969482422,721.0,4.0,1084.0,"[0, 0, 0, 0, 0, 0, 0, 0, 0, 0, 0, 0, 0, 0, 0]"
47,vuelta-a-espana,2002,4,149.5,1254.0,23.0,1084.0,"[0, 0, 0, 0, 0, 0, 0, 0, 0, 0, 0, 0, 0, 0, 0]"
48,vuelta-a-espana,2002,5,198.0,4874.0,295.0,1084.0,"[8.0, 10.0, 0, 28.0, 45.0, 47.0, 0, 51.0, 53.0, 58.0, 73.1, 95.1, 98.1, 0, 0]"
49,vuelta-a-espana,2002,6,153.10000610351562,2817.0,247.0,1084.0,"[18.0, 0, 0, 48.0, 0, 0, 0, 64.1, 0, 0, 0, 0, 76.1, 85.1, 96.1]"
50,vuelta-a-espana,2002,7,196.8000030517578,2014.0,45.0,1084.0,"[0, 0, 0, 0, 0, 0, 0, 0, 0, 0, 0, 0, 0, 0, 0]"
51,vuelta-a-espana,2002,8,173.5,3155.0,147.0,1084.0,"[0, 0, 0, 0, 0, 0, 0, 0, 0, 0, 0, 0, 0, 0, 9.0]"
52,vuelta-a-espana,2002,9,130.1999969482422,1330.0,83.0,1084.0,"[13.0, 0, 21.0, 0, 0, 0, 0, 0, 0, 0, 0, 0, 0, 0, 0]"
53,vuelta-a-espana,2002,10,36.5,355.0,9.0,1084.0,"[40.0, 60.1, 61.1, 84.1, 90.1, 94.1, 102.1, 103.1, 110.1, 116.1, 121.2, 127.2, 131.2, 133.2, 136.2]"
54,vuelta-a-espana,2002,11,166.10000610351562,2609.0,103.0,1084.0,"[0, 2.0, 9.0, 0, 0, 0, 0, 0, 0, 0, 0, 0, 0, 0, 0]"
55,vuelta-a-espana,2002,12,210.5,1204.0,20.0,1084.0,"[0, 0, 0, 0, 0, 0, 0, 0, 0, 0, 0, 0, 0, 0, 0]"
56,vuelta-a-espana,2002,13,189.8000030517578,2208.0,72.0,1084.0,"[0, 0, 0, 0, 0, 18.0, 22.0, 0, 0, 0, 0, 0, 0, 0, 499.8]"
57,vuelta-a-espana,2002,14,190.1999969482422,2003.0,54.0,1084.0,"[117.1, 159.2, 0, 0, 0, 0, 0, 0, 0, 0, 0, 0, 0, 0, 0]"
58,vuelta-a-espana,2002,15,176.6999969482422,4541.0,463.0,1084.0,"[95.1, 101.1, 114.1, 136.2, 0, 0, 142.2, 154.2, 162.2, 170.2, 0, 198.3, 210.3, 228.3, 241.4]"
59,vuelta-a-espana,2002,16,154.6999969482422,2373.0,94.0,1084.0,"[0, 5.0, 0, 0, 538.8, 0, 0, 0, 0, 0, 0, 0, 0, 0, 0]"
60,vuelta-a-espana,2002,17,145.60000610351562,833.0,17.0,1084.0,"[0, 0, 0, 0, 0, 0, 0, 0, 0, 0, 0, 0, 0, 0, 0]"
61,vuelta-a-espana,2002,18,193.6999969482422,3989.0,282.0,1084.0,"[39.0, 47.0, 51.0, 69.1, 0, 76.1, 0, 86.1, 91.1, 0, 108.1, 113.1, 130.2, 139.2, 0]"
62,vuelta-a-espana,2002,19,177.8000030517578,3005.0,117.0,1084.0,"[122.2, 126.2, 0, 0, 0, 0, 0, 0, 0, 134.2, 0, 0, 0, 0, 0]"
63,vuelta-a-espana,2002,20,141.1999969482422,1059.0,16.0,1084.0,"[0, 0, 0, 0, 0, 0, 0, 0, 0, 0, 0, 0, 0, 0, 0]"
64,vuelta-a-espana,2002,21,41.20000076293945,373.0,6.0,1084.0,"[83.1, 105.1, 115.1, 130.2, 147.2, 149.2, 155.2, 163.2, 165.2, 169.2, 178.2, 191.3, 202.3, 203.3, 204.3]"
65,vuelta-a-espana,2002,22,,,,,
66,vuelta-a-espana,2003,1,30.0,217.0,8.0,935.0,"[nan, nan, nan, nan, nan, nan, nan, 1921.1, nan, nan, nan, nan, nan, nan, nan]"
67,vuelta-a-espana,2003,2,148.0,2045.0,122.0,935.0,"[0, 14.0, 0, 0, 0, 0, 0, 0, 0, 0, 0, 0, 15.0, 0, 0]"
68,vuelta-a-espana,2003,3,154.3000030517578,1786.0,45.0,935.0,"[0, 0, 0, 0, 0, 0, 0, 0, 0, 0, 0, 0, 0, 0, 0]"
69,vuelta-a-espana,2003,4,151.0,2287.0,69.0,935.0,"[44.0, 0, 0, 0, 0, 65.1, 94.1, 0, 0, 0, 0, 0, 0, 0, 0]"
70,vuelta-a-espana,2003,5,166.6999969482422,835.0,8.0,935.0,"[0, 2.0, 0, 0, 0, 0, 0, 0, 0, 0, 0, 0, 0, 0, 0]"
71,vuelta-a-espana,2003,6,43.79999923706055,305.0,3.0,935.0,"[80.1, 86.1, 97.1, 101.1, 102.1, 116.1, 117.1, 141.2, 143.2, 145.2, 181.3, 0, 196.3, 198.3, 205.3]"
72,vuelta-a-espana,2003,7,190.0,4432.0,285.0,935.0,"[55.0, 59.0, 68.1, 70.1, 77.1, 84.1, 86.1, 0, 89.1, 91.1, 0, 0, 0, 100.1, 110.1]"
73,vuelta-a-espana,2003,8,166.0,4060.0,238.0,935.0,"[0, 51.0, 0, 54.0, 73.1, 92.1, 135.2, 211.3, 0, 0, 0, 231.3, 0, 0, 0]"
74,vuelta-a-espana,2003,9,174.8000030517578,4201.0,266.0,935.0,"[1.0, 3.0, 0, 0, 0, 0, 0, 0, 0, 13.0, 0, 0, 30.0, 0, 0]"
75,vuelta-a-espana,2003,10,194.0,2237.0,76.0,935.0,"[0, 0, 0, 0, 0, 0, 0, 0, 3.0, 0, 0, 0, 0, 0, 0]"
76,vuelta-a-espana,2003,11,162.0,1468.0,48.0,935.0,"[0, 0, 0, 0, 0, 0, 0, 0, 0, 0, 0, 0, 0, 0, 0]"
77,vuelta-a-espana,2003,12,168.8000030517578,743.0,9.0,935.0,"[0, 0, 0, 0, 0, 0, 0, 0, 0, 0, 0, 0, 0, 0, 0]"
78,vuelta-a-espana,2003,13,53.29999923706055,155.0,5.0,935.0,"[13.0, 40.0, 44.0, 45.0, 75.1, 105.1, 123.2, 134.2, 143.2, 156.2, 157.2, 164.2, 178.2, 189.3, 193.3]"
79,vuelta-a-espana,2003,14,167.39999389648438,910.0,8.0,935.0,"[0, 0, 0, 0, 0, 0, 0, 0, 0, 0, 0, 0, 0, 0, 0]"
80,vuelta-a-espana,2003,15,172.10000610351562,2505.0,225.0,935.0,"[0, 2.0, 10.0, 56.0, 57.0, 0, 0, 58.0, 62.1, 72.1, 73.1, 0, 0, 0, 0]"
81,vuelta-a-espana,2003,16,162.0,3368.0,249.0,935.0,"[5.0, 18.0, 0, 21.0, 31.0, 58.0, 62.1, 0, 71.1, 92.1, 0, 0, 95.1, 0, 97.1]"
82,vuelta-a-espana,2003,17,188.39999389648438,1857.0,94.0,935.0,"[36.0, 0, 0, 0, 41.0, 0, 0, 0, 0, 0, 0, 0, 0, 0, 0]"
83,vuelta-a-espana,2003,18,143.8000030517578,1818.0,55.0,935.0,"[44.0, 0, 0, 0, 0, 47.0, 52.0, 56.0, 58.0, 0, 0, 0, 0, 0, 0]"
84,vuelta-a-espana,2003,19,164.0,2579.0,107.0,935.0,"[0, 16.0, 0, 0, 0, 0, 0, 0, 0, 0, 0, 0, 0, 0, 0]"
85,vuelta-a-espana,2003,20,11.199999809265137,617.0,99.0,935.0,"[14.0, 0, 15.0, 22.0, 32.0, 34.0, 48.0, 58.0, 63.1, 66.1, 69.1, 0, 70.1, 76.1, 0]"
86,vuelta-a-espana,2003,21,145.8000030517578,898.0,12.0,935.0,"[0, 0, 0, 0, 0, 0, 0, 0, 0, 0, 0, 0, 0, 0, 0]"
87,vuelta-a-espana,2003,22,,,,,
88,vuelta-a-espana,2004,1,28.0,186.0,6.0,1177.0,"[nan, nan, nan, nan, nan, nan, nan, nan, nan, 1861.6, nan, nan, nan, nan, nan]"
89,vuelta-a-espana,2004,2,207.0,1070.0,15.0,1177.0,"[0, 0, 0, 0, 0, 0, 0, 0, 0, 0, 0, 0, 0, 0, 0]"
90,vuelta-a-espana,2004,3,157.0,1332.0,26.0,1177.0,"[0, 0, 0, 0, 0, 0, 0, 0, 0, 0, 4.0, 5.0, 0, 0, 0]"
91,vuelta-a-espana,2004,4,167.0,797.0,7.0,1177.0,"[0, 0, 0, 0, 0, 0, 0, 0, 0, 0, 0, 0, 0, 0, 0]"
92,vuelta-a-espana,2004,5,186.5,2240.0,121.0,1177.0,"[3.0, 0, 0, 0, 9.0, 0, 0, 0, 0, 0, 0, 0, 0, 0, 0]"
93,vuelta-a-espana,2004,6,157.0,1931.0,65.0,1177.0,"[0, 0, 0, 0, 0, 0, 0, 0, 0, 0, 0, 0, 0, 0, 0]"
94,vuelta-a-espana,2004,7,165.0,1513.0,23.0,1177.0,"[0, 0, 0, 0, 0, 0, 0, 0, 0, 0, 0, 0, 0, 0, 0]"
95,vuelta-a-espana,2004,8,40.099998474121094,72.0,0.0,1177.0,"[15.0, 18.0, 28.0, 37.0, 57.0, 65.1, 69.1, 76.1, 90.1, 92.1, 0, 95.1, 97.1, 0, 102.1]"
96,vuelta-a-espana,2004,9,162.0,3954.0,279.0,1177.0,"[4.0, 10.0, 15.0, 25.0, 29.0, 41.0, 52.0, 55.0, 69.1, 0, 74.1, 78.1, 0, 0, 87.1]"
97,vuelta-a-espana,2004,10,174.5,2573.0,184.0,1177.0,"[32.0, 48.0, 0, 64.1, 70.1, 110.1, 246.4, 258.4, 0, 0, 286.4, 287.4, 288.4, 0, 297.4]"
98,vuelta-a-espana,2004,11,165.0,1170.0,8.0,1177.0,"[71.1, 0, 0, 0, 0, 0, 0, 0, 0, 0, 0, 0, 0, 0, 0]"
99,vuelta-a-espana,2004,12,145.0,4254.0,301.0,1177.0,"[34.0, 53.0, 87.1, 0, 98.1, 0, 122.2, 137.2, 148.2, 0, 0, 155.2, 186.3, 0, 216.3]"
100,vuelta-a-espana,2004,13,172.0,1804.0,48.0,1177.0,"[0, 0, 0, 0, 0, 0, 0, 0, 0, 0, 0, 0, 0, 0, 0]"
101,vuelta-a-espana,2004,14,167.0,2835.0,159.0,1177.0,"[46.0, 0, 0, 0, 0, 0, 0, 0, 128.2, 142.2, 0, 166.2, 0, 0, 0]"
102,vuelta-a-espana,2004,15,29.600000381469727,1487.0,214.0,1177.0,"[67.1, 111.1, 186.3, 198.3, 204.3, 239.3, 240.4, 264.4, 268.4, 270.4, 271.4, 285.4, 287.4, 305.5, 307.5]"
103,vuelta-a-espana,2004,16,190.0,732.0,9.0,1177.0,"[12.0, 35.0, 0, 0, 0, 80.1, 85.1, 93.1, 0, 95.1, 0, 224.3, 1101.1, 0, 0]"
104,vuelta-a-espana,2004,17,170.0,4216.0,305.0,1177.0,"[29.0, 61.1, 75.1, 125.2, 138.2, 0, 0, 165.2, 183.3, 186.3, 191.3, 0, 0, 0, 0]"
105,vuelta-a-espana,2004,18,196.0,3614.0,143.0,1177.0,"[0, 19.0, 0, 24.0, 35.0, 37.0, 84.1, 0, 0, 0, 0, 0, 0, 88.1, 92.1]"
106,vuelta-a-espana,2004,19,142.0,2608.0,119.0,1177.0,"[83.1, 0, 0, 0, 0, 0, 0, 0, 0, 0, 0, 0, 0, 0, 91.1]"
107,vuelta-a-espana,2004,20,178.0,3628.0,183.0,1177.0,"[38.0, 85.1, 97.1, 123.2, 127.2, 0, 130.2, 138.2, 0, 144.2, 147.2, 0, 0, 159.2, 168.2]"
108,vuelta-a-espana,2004,21,28.200000762939453,318.0,14.0,1177.0,"[7.0, 8.0, 13.0, 18.0, 34.0, 36.0, 52.0, 55.0, 58.0, 69.1, 70.1, 72.1, 77.1, 80.1, 84.1]"
109,vuelta-a-espana,2004,22,,,,,
110,vuelta-a-espana,2005,1,7.0,162.0,28.0,960.0,"[1.0, 3.0, 7.0, 12.0, 13.0, 15.0, 0, 18.0, 20.0, 0, 0, 0, 21.0, 22.0, 23.0]"
111,vuelta-a-espana,2005,2,189.3000030517578,2065.0,100.0,960.0,"[0, 0, 0, 0, 0, 0, 33.0, 0, 0, 44.0, 0, 0, 0, 0, 0]"
112,vuelta-a-espana,2005,3,153.3000030517578,2029.0,60.0,960.0,"[0, 0, 0, 0, 0, 0, 0, 0, 0, 0, 0, 0, 0, 0, 0]"
113,vuelta-a-espana,2005,4,232.3000030517578,1119.0,9.0,960.0,"[0, 0, 0, 0, 0, 0, 0, 0, 0, 0, 0, 0, 0, 0, 0]"
114,vuelta-a-espana,2005,5,176.0,1470.0,40.0,960.0,"[0, 0, 0, 0, 0, 0, 0, 0, 0, 0, 0, 0, 0, 0, 0]"
115,vuelta-a-espana,2005,6,217.0,3559.0,217.0,960.0,"[13.0, 28.0, 42.0, 49.0, 0, 0, 52.0, 75.1, 0, 82.1, 0, 100.1, 0, 0, 0]"
116,vuelta-a-espana,2005,7,212.5,2754.0,63.0,960.0,"[0, 0, 0, 0, 0, 0, 0, 0, 0, 0, 0, 0, 0, 0, 0]"
117,vuelta-a-espana,2005,8,189.0,1671.0,21.0,960.0,"[0, 0, 0, 0, 0, 0, 0, 0, 3.0, 0, 0, 0, 0, 0, 5.0]"
118,vuelta-a-espana,2005,9,48.0,606.0,34.0,960.0,"[9.0, 39.0, 41.0, 59.0, 76.1, 96.1, 99.1, 105.1, 107.1, 113.1, 115.1, 120.2, 122.2, 132.2, 144.2]"
119,vuelta-a-espana,2005,10,206.3000030517578,4570.0,287.0,960.0,"[0, 0, 2.0, 6.0, 16.0, 0, 21.0, 28.0, 76.1, 0, 88.1, 136.2, 0, 149.2, 0]"
120,vuelta-a-espana,2005,11,192.60000610351562,4757.0,331.0,960.0,"[15.0, 0, 0, 0, 0, 55.0, 0, 0, 0, 0, 96.1, 98.1, 0, 106.1, 0]"
121,vuelta-a-espana,2005,12,133.0,1680.0,45.0,960.0,"[0, 0, 0, 0, 0, 0, 0, 0, 0, 0, 0, 0, 0, 0, 0]"
122,vuelta-a-espana,2005,13,196.0,2334.0,118.0,960.0,"[4.0, 8.0, 0, 25.0, 31.0, 46.0, 47.0, 49.0, 0, 0, 0, 0, 0, 51.0, 58.0]"
123,vuelta-a-espana,2005,14,172.3000030517578,3655.0,298.0,960.0,"[80.1, 92.1, 97.1, 104.1, 0, 131.2, 0, 136.2, 156.2, 164.2, 182.3, 206.3, 208.3, 218.3, 226.3]"
124,vuelta-a-espana,2005,15,191.0,3940.0,228.0,960.0,"[32.0, 46.0, 148.2, 191.3, 192.3, 199.3, 227.3, 0, 249.4, 273.4, 285.4, 287.4, 303.5, 308.5, 309.5]"
125,vuelta-a-espana,2005,16,162.5,732.0,16.0,960.0,"[0, 0, 0, 0, 0, 0, 0, 0, 0, 0, 0, 0, 0, 0, 0]"
126,vuelta-a-espana,2005,17,165.60000610351562,2973.0,149.0,960.0,"[46.0, 48.0, 97.1, 0, 0, 100.1, 0, 0, 102.1, 207.3, 0, 0, 228.3, 0, 0]"
127,vuelta-a-espana,2005,18,197.5,3625.0,134.0,960.0,"[0, 22.0, 66.1, 0, 70.1, 0, 85.1, 152.2, 235.3, 238.3, 0, 0, 0, 0, 0]"
128,vuelta-a-espana,2005,19,142.89999389648438,2287.0,67.0,960.0,"[0, 0, 10.0, 30.0, 43.0, 45.0, 50.0, 54.0, 136.2, 0, 0, 0, 0, 0, 0]"
129,vuelta-a-espana,2005,20,38.900001525878906,201.0,7.0,960.0,"[0, 4.0, 6.0, 10.0, 23.0, 30.0, 33.0, 48.0, 67.1, 92.1, 95.1, 101.1, 104.1, 105.1, 107.1]"
130,vuelta-a-espana,2005,21,136.5,1349.0,28.0,960.0,"[0, 0, 0, 0, 0, 0, 0, 0, 0, 0, 0, 0, 0, 0, 0]"
131,vuelta-a-espana,2005,22,,,,,
132,vuelta-a-espana,2006,1,7.300000190734863,9.0,0.0,1026.0,"[nan, nan, nan, nan, nan, nan, nan, nan, nan, 424.3, nan, nan, nan, nan, nan]"
133,vuelta-a-espana,2006,2,167.0,2099.0,42.0,1026.0,"[0, 0, 0, 0, 0, 0, 0, 0, 0, 0, 0, 0, 0, 0, 0]"
134,vuelta-a-espana,2006,3,220.0,2570.0,46.0,1026.0,"[0, 0, 0, 0, 0, 0, 0, 0, 0, 0, 0, 0, 0, 0, 0]"
135,vuelta-a-espana,2006,4,142.0,1005.0,17.0,1026.0,"[0, 0, 0, 0, 0, 0, 0, 0, 0, 0, 0, 0, 0, 0, 0]"
136,vuelta-a-espana,2006,5,178.0,4451.0,324.0,1026.0,"[0, 7.0, 15.0, 22.0, 0, 36.0, 39.0, 0, 42.0, 0, 69.1, 87.1, 92.1, 95.1, 104.1]"
137,vuelta-a-espana,2006,6,177.0,732.0,1.0,1026.0,"[0, 0, 0, 0, 0, 0, 0, 0, 0, 0, 0, 0, 0, 0, 0]"
138,vuelta-a-espana,2006,7,154.0,2583.0,246.0,1026.0,"[4.0, 6.0, 7.0, 0, 12.0, 16.0, 0, 23.0, 29.0, 0, 38.0, 41.0, 44.0, 46.0, 48.0]"
139,vuelta-a-espana,2006,8,181.60000610351562,2290.0,77.0,1026.0,"[1.0, 0, 0, 0, 0, 0, 0, 0, 0, 0, 0, 0, 0, 0, 0]"
140,vuelta-a-espana,2006,9,207.39999389648438,5856.0,414.0,1026.0,"[16.0, 21.0, 43.0, 0, 0, 106.1, 0, 119.1, 134.2, 0, 0, 0, 158.2, 160.2, 179.2]"
141,vuelta-a-espana,2006,10,199.3000030517578,2355.0,78.0,1026.0,"[2.0, 0, 6.0, 7.0, 0, 0, 0, 0, 0, 0, 11.0, 51.0, 89.1, 167.2, 234.3]"
142,vuelta-a-espana,2006,11,173.60000610351562,3158.0,94.0,1026.0,"[55.0, 0, 215.3, 0, 0, 0, 0, 0, 217.3, 0, 0, 0, 941.5, 0, 0]"
143,vuelta-a-espana,2006,12,169.3000030517578,1866.0,44.0,1026.0,"[5.0, 0, 8.0, 0, 17.0, 22.0, 0, 33.0, 39.0, 57.0, 129.2, 534.8, 0, 0, 0]"
144,vuelta-a-espana,2006,13,180.0,2541.0,72.0,1026.0,"[0, 0, 0, 0, 0, 0, 0, 0, 0, 0, 0, 0, 0, 0, 0]"
145,vuelta-a-espana,2006,14,33.0,429.0,29.0,1026.0,"[0, 5.0, 13.0, 26.0, 44.0, 45.0, 46.0, 54.0, 63.1, 72.1, 74.1, 75.1, 80.1, 83.1, 0]"
146,vuelta-a-espana,2006,15,182.0,1571.0,34.0,1026.0,"[0, 0, 0, 0, 0, 0, 0, 0, 0, 0, 0, 0, 0, 0, 0]"
147,vuelta-a-espana,2006,16,145.0,4567.0,355.0,1026.0,"[23.0, 0, 0, 28.0, 30.0, 42.0, 70.1, 73.1, 75.1, 0, 79.1, 0, 0, 88.1, 131.2]"
148,vuelta-a-espana,2006,17,167.0,3598.0,195.0,1026.0,"[0, 70.1, 99.1, 0, 0, 0, 0, 0, 0, 0, 149.2, 0, 160.2, 0, 0]"
149,vuelta-a-espana,2006,18,153.0,2987.0,63.0,1026.0,"[0, 30.0, 32.0, 35.0, 0, 46.0, 0, 48.0, 0, 80.1, 0, 89.1, 94.1, 103.1, 116.1]"
150,vuelta-a-espana,2006,19,205.3000030517578,2998.0,255.0,1026.0,"[0, 2.0, 9.0, 30.0, 0, 0, 0, 821.1, 0, 0, 0, 0, 0, 0, 0]"
151,vuelta-a-espana,2006,20,27.5,356.0,19.0,1026.0,"[6.0, 19.0, 26.0, 30.0, 32.0, 44.0, 49.0, 55.0, 60.1, 64.1, 65.1, 66.1, 88.1, 103.1, 104.1]"
152,vuelta-a-espana,2006,21,142.1999969482422,1173.0,12.0,1026.0,"[0, 0, 0, 0, 0, 0, 0, 0, 0, 0, 0, 0, 0, 0, 0]"
153,vuelta-a-espana,2006,22,,,,,
154,vuelta-a-espana,2007,1,146.39999389648438,2160.0,72.0,995.0,"[0, 0, 0, 0, 0, 0, 0, 0, 0, 0, 0, 0, 0, 0, 0]"
155,vuelta-a-espana,2007,2,148.6999969482422,2334.0,79.0,995.0,"[0, 0, 0, 0, 0, 0, 0, 0, 0, 0, 0, 0, 0, 0, 0]"
156,vuelta-a-espana,2007,3,153.0,2789.0,133.0,995.0,"[0, 0, 0, 0, 0, 0, 0, 0, 0, 0, 0, 0, 0, 0, 0]"
157,vuelta-a-espana,2007,4,185.10000610351562,3119.0,262.0,995.0,"[66.1, 0, 0, 0, 0, 88.1, 93.1, 96.1, 109.1, 110.1, 114.1, 117.1, 0, 138.2, 143.2]"
158,vuelta-a-espana,2007,5,157.39999389648438,3374.0,162.0,995.0,"[0, 0, 0, 0, 0, 0, 0, 0, 0, 0, 0, 0, 0, 0, 0]"
159,vuelta-a-espana,2007,6,184.3000030517578,1570.0,31.0,995.0,"[0, 0, 0, 0, 0, 0, 0, 0, 0, 0, 0, 0, 0, 0, 0]"
160,vuelta-a-espana,2007,7,176.3000030517578,1792.0,30.0,995.0,"[0, 0, 0, 0, 0, 0, 0, 0, 0, 0, 0, 0, 0, 0, 0]"
161,vuelta-a-espana,2007,8,49.0,97.0,3.0,995.0,"[34.0, 48.0, 78.1, 97.1, 112.1, 115.1, 121.2, 135.2, 138.2, 140.2, 161.2, 170.2, 180.3, 183.3, 192.3]"
162,vuelta-a-espana,2007,9,167.60000610351562,3893.0,289.0,995.0,"[0, 17.0, 0, 51.0, 63.1, 0, 0, 0, 0, 0, 88.1, 104.1, 0, 0, 124.2]"
163,vuelta-a-espana,2007,10,214.0,4578.0,266.0,995.0,"[0, 0, 0, 0, 0, 0, 7.0, 33.0, 0, 41.0, 51.0, 0, 0, 80.1, 97.1]"
164,vuelta-a-espana,2007,11,191.3000030517578,1755.0,30.0,995.0,"[0, 0, 0, 0, 0, 0, 0, 0, 0, 0, 0, 0, 0, 0, 0]"
165,vuelta-a-espana,2007,12,176.0,1750.0,27.0,995.0,"[0, 0, 0, 0, 0, 0, 0, 0, 0, 0, 0, 0, 0, 0, 0]"
166,vuelta-a-espana,2007,13,176.39999389648438,1240.0,19.0,995.0,"[1.0, 24.0, 243.4, 0, 0, 0, 0, 0, 0, 0, 0, 0, 0, 0, 0]"
167,vuelta-a-espana,2007,14,207.0,3664.0,119.0,995.0,"[28.0, 50.0, 0, 0, 0, 0, 0, 0, 0, 142.2, 651.0, 0, 0, 0, 0]"
168,vuelta-a-espana,2007,15,201.39999389648438,3301.0,170.0,995.0,"[0, 24.0, 0, 41.0, 0, 0, 0, 0, 0, 0, 0, 69.1, 0, 0, 0]"
169,vuelta-a-espana,2007,16,161.5,2827.0,120.0,995.0,"[0, 0, 6.0, 0, 0, 0, 0, 0, 0, 0, 13.0, 0, 0, 0, 25.0]"
170,vuelta-a-espana,2007,17,175.0,1116.0,13.0,995.0,"[0, 0, 0, 0, 0, 0, 0, 0, 0, 0, 0, 0, 0, 0, 0]"
171,vuelta-a-espana,2007,18,153.5,2895.0,102.0,995.0,"[41.0, 0, 0, 0, 0, 0, 0, 0, 0, 47.0, 60.1, 181.3, 184.3, 187.3, 0]"
172,vuelta-a-espana,2007,19,133.0,3294.0,256.0,995.0,"[0, 3.0, 0, 14.0, 29.0, 41.0, 49.0, 51.0, 59.0, 80.1, 0, 83.1, 0, 85.1, 101.1]"
173,vuelta-a-espana,2007,20,20.0,199.0,10.0,995.0,"[12.0, 14.0, 16.0, 18.0, 19.0, 25.0, 26.0, 28.0, 34.0, 38.0, 40.0, 0, 41.0, 0, 44.0]"
174,vuelta-a-espana,2007,21,104.19999694824219,952.0,17.0,995.0,"[0, 0, 0, 0, 0, 0, 0, 0, 0, 0, 0, 0, 0, 0, 0]"
175,vuelta-a-espana,2007,22,,,,,
176,vuelta-a-espana,2008,1,7.699999809265137,53.0,0.0,1101.0,"[nan, nan, nan, nan, nan, nan, nan, nan, nan, 482.9, nan, nan, nan, nan, nan]"
177,vuelta-a-espana,2008,2,167.3000030517578,2224.0,74.0,1101.0,"[2.0, 0, 0, 0, 0, 0, 0, 0, 0, 0, 0, 0, 0, 0, 0]"
178,vuelta-a-espana,2008,3,168.3000030517578,2142.0,89.0,1101.0,"[0, 0, 0, 0, 0, 0, 0, 0, 0, 0, 0, 0, 0, 0, 0]"
179,vuelta-a-espana,2008,4,170.3000030517578,2760.0,78.0,1101.0,"[0, 0, 0, 0, 0, 0, 0, 3.0, 0, 0, 6.0, 0, 7.0, 0, 0]"
180,vuelta-a-espana,2008,5,42.5,215.0,2.0,1101.0,"[12.0, 33.0, 49.0, 59.0, 66.1, 67.1, 75.1, 79.1, 0, 81.1, 84.1, 87.1, 88.1, 90.1, 112.1]"
181,vuelta-a-espana,2008,6,150.10000610351562,1142.0,52.0,1101.0,"[0, 0, 0, 0, 0, 0, 0, 0, 0, 0, 0, 0, 0, 6.0, 0]"
182,vuelta-a-espana,2008,7,223.1999969482422,4842.0,303.0,1101.0,"[162.2, 165.2, 170.2, 0, 0, 0, 183.3, 191.3, 0, 0, 195.3, 0, 201.3, 0, 219.3]"
183,vuelta-a-espana,2008,8,151.0,3571.0,228.0,1101.0,"[34.0, 0, 0, 39.0, 0, 0, 0, 0, 0, 0, 0, 82.1, 83.1, 0, 0]"
184,vuelta-a-espana,2008,9,200.8000030517578,3319.0,100.0,1101.0,"[0, 0, 0, 0, 0, 0, 0, 0, 0, 0, 52.0, 402.6, 0, 0, 0]"
185,vuelta-a-espana,2008,10,151.3000030517578,1225.0,32.0,1101.0,"[0, 0, 0, 0, 0, 0, 0, 0, 0, 0, 0, 0, 0, 0, 0]"
186,vuelta-a-espana,2008,11,178.0,2019.0,41.0,1101.0,"[0, 0, 0, 0, 0, 0, 0, 0, 0, 0, 0, 0, 0, 0, 0]"
187,vuelta-a-espana,2008,12,186.39999389648438,2900.0,134.0,1101.0,"[1.0, 0, 0, 0, 4.0, 0, 0, 0, 0, 0, 0, 0, 10.0, 12.0, 0]"
188,vuelta-a-espana,2008,13,209.5,4413.0,445.0,1101.0,"[42.0, 58.0, 65.1, 92.1, 116.1, 138.2, 148.2, 163.2, 181.3, 248.4, 0, 270.4, 284.4, 292.4, 304.5]"
189,vuelta-a-espana,2008,14,158.39999389648438,3589.0,228.0,1101.0,"[2.0, 4.0, 20.0, 0, 0, 60.1, 0, 0, 0, 0, 87.1, 93.1, 100.1, 0, 102.1]"
190,vuelta-a-espana,2008,15,202.0,3130.0,126.0,1101.0,"[17.0, 0, 33.0, 36.0, 39.0, 98.1, 0, 99.1, 158.2, 0, 160.2, 315.5, 358.5, 419.6, 0]"
191,vuelta-a-espana,2008,16,186.39999389648438,1481.0,35.0,1101.0,"[0, 0, 0, 0, 0, 0, 0, 0, 0, 0, 0, 0, 0, 0, 0]"
192,vuelta-a-espana,2008,17,148.1999969482422,915.0,21.0,1101.0,"[0, 0, 0, 0, 0, 0, 0, 0, 0, 0, 0, 0, 0, 0, 0]"
193,vuelta-a-espana,2008,18,167.39999389648438,1448.0,41.0,1101.0,"[0, 1.0, 5.0, 10.0, 13.0, 0, 0, 0, 20.0, 24.0, 0, 0, 27.0, 34.0, 78.1]"
194,vuelta-a-espana,2008,19,145.5,2446.0,91.0,1101.0,"[5.0, 11.0, 0, 0, 0, 0, 0, 0, 0, 0, 0, 0, 0, 0, 0]"
195,vuelta-a-espana,2008,20,17.100000381469727,724.0,102.0,1101.0,"[31.0, 0, 62.1, 69.1, 75.1, 76.1, 91.1, 97.1, 117.1, 129.2, 131.2, 149.2, 150.2, 151.2, 152.2]"
196,vuelta-a-espana,2008,21,102.19999694824219,609.0,3.0,1101.0,"[0, 0, 0, 0, 0, 0, 0, 0, 0, 0, 0, 0, 0, 0, 0]"
197,vuelta-a-espana,2008,22,,,,,
198,vuelta-a-espana,2009,1,4.800000190734863,13.0,0.0,1220.0,"[9.0, 12.0, 14.0, 16.0, 17.0, 18.0, 0, 0, 19.0, 0, 0, 0, 21.0, 0, 0]"
199,vuelta-a-espana,2009,2,203.6999969482422,355.0,0.0,1220.0,"[0, 0, 0, 0, 0, 0, 0, 0, 0, 0, 0, 0, 0, 0, 0]"
200,vuelta-a-espana,2009,3,189.6999969482422,601.0,4.0,1220.0,"[0, 0, 0, 0, 0, 0, 0, 0, 0, 0, 0, 0, 0, 0, 0]"
201,vuelta-a-espana,2009,4,225.5,1888.0,51.0,1220.0,"[0, 0, 0, 0, 0, 0, 0, 0, 0, 0, 0, 0, 0, 0, 0]"
202,vuelta-a-espana,2009,5,174.0,1802.0,31.0,1220.0,"[0, 0, 0, 0, 0, 0, 0, 0, 0, 0, 0, 0, 0, 0, 0]"
203,vuelta-a-espana,2009,6,185.6999969482422,2308.0,83.0,1220.0,"[0, 0, 0, 0, 0, 0, 0, 0, 0, 0, 0, 0, 0, 0, 0]"
204,vuelta-a-espana,2009,7,30.299999237060547,40.0,0.0,1220.0,"[32.0, 36.0, 40.0, 46.0, 47.0, 50.0, 53.0, 59.0, 62.1, 63.1, 64.1, 65.1, 69.1, 72.1, 0]"
205,vuelta-a-espana,2009,8,204.6999969482422,5017.0,320.0,1220.0,"[33.0, 36.0, 44.0, 0, 0, 50.0, 0, 0, 0, 0, 0, 70.1, 89.1, 92.1, 93.1]"
206,vuelta-a-espana,2009,9,188.8000030517578,3873.0,231.0,1220.0,"[21.0, 40.0, 41.0, 0, 0, 0, 53.0, 72.1, 0, 0, 0, 0, 89.1, 0, 0]"
207,vuelta-a-espana,2009,10,162.0,1529.0,52.0,1220.0,"[0, 0, 0, 29.0, 31.0, 37.0, 39.0, 0, 0, 0, 49.0, 0, 50.0, 0, 54.0]"
208,vuelta-a-espana,2009,11,191.0,3226.0,108.0,1220.0,"[0, 0, 0, 0, 0, 0, 0, 0, 0, 0, 0, 0, 0, 0, 0]"
209,vuelta-a-espana,2009,12,179.3000030517578,5234.0,333.0,1220.0,"[1.0, 6.0, 0, 16.0, 0, 0, 0, 0, 0, 21.0, 28.0, 33.0, 34.0, 50.0, 53.0]"
210,vuelta-a-espana,2009,13,172.39999389648438,4763.0,347.0,1220.0,"[52.0, 76.1, 77.1, 0, 97.1, 129.2, 144.2, 151.2, 217.3, 229.3, 281.4, 288.4, 292.4, 312.5, 319.5]"
211,vuelta-a-espana,2009,14,157.0,3197.0,279.0,1220.0,"[143.2, 188.3, 190.3, 202.3, 206.3, 220.3, 226.3, 228.3, 0, 241.4, 244.4, 248.4, 250.4, 253.4, 0]"
212,vuelta-a-espana,2009,15,167.6999969482422,2048.0,109.0,1220.0,"[96.1, 104.1, 124.2, 0, 0, 0, 0, 0, 203.3, 0, 0, 318.5, 1512.5, 0, 0]"
213,vuelta-a-espana,2009,16,170.3000030517578,2760.0,78.0,1220.0,"[0, 0, 0, 0, 0, 0, 0, 0, 0, 0, 0, 0, 0, 0, 0]"
214,vuelta-a-espana,2009,17,175.0,1337.0,22.0,1220.0,"[0, 0, 0, 0, 0, 0, 0, 0, 0, 0, 0, 0, 0, 0, 0]"
215,vuelta-a-espana,2009,18,165.0,3363.0,161.0,1220.0,"[3.0, 16.0, 39.0, 41.0, 42.0, 0, 0, 0, 0, 57.0, 80.1, 216.3, 297.4, 0, 436.7]"
216,vuelta-a-espana,2009,19,179.8000030517578,3363.0,174.0,1220.0,"[2.0, 0, 0, 0, 0, 0, 0, 94.1, 0, 0, 0, 0, 0, 0, 0]"
217,vuelta-a-espana,2009,20,27.799999237060547,310.0,28.0,1220.0,"[5.0, 9.0, 20.0, 30.0, 34.0, 36.0, 37.0, 40.0, 43.0, 44.0, 49.0, 55.0, 56.0, 61.1, 62.1]"
218,vuelta-a-espana,2009,21,110.19999694824219,903.0,7.0,1220.0,"[0, 0, 0, 0, 0, 0, 0, 0, 0, 0, 0, 0, 0, 0, 0]"
219,vuelta-a-espana,2009,22,,,,,
220,vuelta-a-espana,2010,1,13.0,33.0,0.0,1123.0,"[nan, nan, nan, nan, nan, nan, nan, nan, nan, 841.6, nan, nan, nan, nan, nan]"
221,vuelta-a-espana,2010,2,173.0,2506.0,80.0,1123.0,"[0, 0, 0, 0, 0, 0, 0, 0, 0, 0, 0, 0, 0, 0, 0]"
222,vuelta-a-espana,2010,3,156.0,2868.0,178.0,1123.0,"[3.0, 13.0, 15.0, 0, 0, 18.0, 19.0, 0, 0, 0, 0, 0, 0, 0, 0]"
223,vuelta-a-espana,2010,4,177.0,3442.0,171.0,1123.0,"[1.0, 0, 0, 5.0, 8.0, 12.0, 0, 0, 19.0, 0, 0, 0, 0, 0, 28.0]"
224,vuelta-a-espana,2010,5,194.0,1763.0,23.0,1123.0,"[0, 0, 0, 0, 0, 0, 0, 0, 0, 0, 0, 0, 0, 0, 0]"
225,vuelta-a-espana,2010,6,144.0,1243.0,56.0,1123.0,"[1.0, 0, 0, 0, 0, 0, 0, 0, 0, 0, 0, 0, 0, 0, 0]"
226,vuelta-a-espana,2010,7,187.10000610351562,1161.0,36.0,1123.0,"[0, 0, 0, 0, 0, 0, 0, 0, 0, 0, 0, 0, 0, 0, 0]"
227,vuelta-a-espana,2010,8,188.8000030517578,3870.0,230.0,1123.0,"[54.0, 0, 0, 89.1, 0, 0, 92.1, 0, 95.1, 108.1, 0, 120.2, 0, 0, 0]"
228,vuelta-a-espana,2010,9,187.0,4329.0,238.0,1123.0,"[6.0, 13.0, 21.0, 27.0, 30.0, 55.0, 156.2, 232.3, 257.4, 322.5, 385.6, 389.6, 392.6, 422.7, 0]"
229,vuelta-a-espana,2010,10,173.6999969482422,2459.0,126.0,1123.0,"[37.0, 0, 0, 0, 0, 0, 0, 42.0, 96.1, 98.1, 0, 0, 0, 0, 0]"
230,vuelta-a-espana,2010,11,208.0,4199.0,234.0,1123.0,"[3.0, 10.0, 15.0, 0, 23.0, 0, 0, 32.0, 0, 0, 41.0, 51.0, 0, 53.0, 59.0]"
231,vuelta-a-espana,2010,12,196.0,2133.0,67.0,1123.0,"[0, 0, 0, 0, 0, 0, 0, 0, 0, 0, 0, 0, 0, 0, 0]"
232,vuelta-a-espana,2010,13,193.6999969482422,2305.0,53.0,1123.0,"[0, 0, 0, 0, 0, 0, 0, 0, 0, 0, 0, 0, 0, 0, 0]"
233,vuelta-a-espana,2010,14,178.8000030517578,3248.0,236.0,1123.0,"[20.0, 22.0, 33.0, 34.0, 35.0, 39.0, 43.0, 45.0, 89.1, 96.1, 0, 0, 0, 102.1, 120.2]"
234,vuelta-a-espana,2010,15,170.0,2673.0,230.0,1123.0,"[67.1, 103.1, 126.2, 130.2, 132.2, 135.2, 146.2, 0, 0, 165.2, 182.3, 0, 183.3, 206.3, 210.3]"
235,vuelta-a-espana,2010,16,181.39999389648438,4431.0,340.0,1123.0,"[66.1, 68.1, 82.1, 92.1, 100.1, 102.1, 104.1, 110.1, 119.1, 127.2, 153.2, 204.3, 0, 0, 0]"
236,vuelta-a-espana,2010,17,46.0,101.0,0.0,1123.0,"[12.0, 37.0, 50.0, 63.1, 67.1, 70.1, 74.1, 84.1, 87.1, 89.1, 106.1, 107.1, 113.1, 115.1, 119.1]"
237,vuelta-a-espana,2010,18,148.89999389648438,964.0,4.0,1123.0,"[0, 0, 0, 0, 0, 0, 0, 0, 0, 0, 0, 0, 5.0, 0, 0]"
238,vuelta-a-espana,2010,19,200.0,2554.0,57.0,1123.0,"[0, 1.0, 0, 0, 0, 0, 0, 0, 0, 0, 7.0, 0, 0, 0, 9.0]"
239,vuelta-a-espana,2010,20,168.8000030517578,4189.0,323.0,1123.0,"[1.0, 23.0, 35.0, 39.0, 42.0, 50.0, 52.0, 55.0, 60.1, 87.1, 90.1, 93.1, 94.1, 0, 0]"
240,vuelta-a-espana,2010,21,85.0,750.0,8.0,1123.0,"[1.0, 0, 0, 0, 0, 0, 0, 0, 0, 0, 0, 0, 0, 0, 0]"
241,vuelta-a-espana,2010,22,,,,,
242,vuelta-a-espana,2011,1,13.5,154.0,12.0,1170.0,"[nan, nan, nan, nan, nan, nan, nan, nan, nan, 963.4, nan, nan, nan, nan, nan]"
243,vuelta-a-espana,2011,2,171.5,1305.0,27.0,1170.0,"[0, 0, 0, 0, 0, 0, 0, 0, 0, 0, 0, 0, 0, 0, 0]"
244,vuelta-a-espana,2011,3,164.0,1956.0,82.0,1170.0,"[15.0, 0, 0, 103.1, 0, 0, 0, 0, 0, 0, 0, 0, 0, 0, 0]"
245,vuelta-a-espana,2011,4,170.1999969482422,3687.0,250.0,1170.0,"[3.0, 11.0, 0, 0, 0, 0, 0, 0, 0, 0, 0, 0, 0, 0, 0]"
246,vuelta-a-espana,2011,5,187.0,3510.0,170.0,1170.0,"[4.0, 5.0, 7.0, 0, 0, 0, 0, 0, 0, 11.0, 0, 0, 0, 0, 0]"
247,vuelta-a-espana,2011,6,193.39999389648438,2181.0,91.0,1170.0,"[0, 0, 0, 3.0, 17.0, 0, 0, 0, 0, 0, 0, 0, 0, 0, 23.0]"
248,vuelta-a-espana,2011,7,185.0,2128.0,44.0,1170.0,"[0, 0, 0, 0, 0, 0, 0, 0, 0, 0, 0, 0, 0, 0, 0]"
249,vuelta-a-espana,2011,8,183.0,3835.0,218.0,1170.0,"[9.0, 0, 0, 12.0, 15.0, 0, 0, 0, 0, 20.0, 0, 0, 0, 0, 0]"
250,vuelta-a-espana,2011,9,179.5,2741.0,227.0,1170.0,"[0, 3.0, 4.0, 7.0, 11.0, 12.0, 0, 0, 0, 15.0, 19.0, 0, 38.0, 41.0, 0]"
251,vuelta-a-espana,2011,10,47.0,414.0,6.0,1170.0,"[59.0, 82.1, 87.1, 93.1, 97.1, 114.1, 116.1, 122.2, 126.2, 138.2, 139.2, 0, 140.2, 144.2, 148.2]"
252,vuelta-a-espana,2011,11,171.0,4166.0,295.0,1170.0,"[78.1, 0, 96.1, 103.1, 149.2, 0, 175.2, 181.3, 188.3, 0, 0, 0, 0, 0, 0]"
253,vuelta-a-espana,2011,12,160.0,2433.0,61.0,1170.0,"[1.0, 0, 0, 0, 0, 0, 0, 0, 0, 0, 0, 0, 0, 0, 4.0]"
254,vuelta-a-espana,2011,13,150.0,3923.0,189.0,1170.0,"[0, 0, 0, 0, 0, 0, 0, 0, 0, 0, 0, 0, 0, 0, 0]"
255,vuelta-a-espana,2011,14,173.1999969482422,3631.0,360.0,1170.0,"[25.0, 29.0, 40.0, 45.0, 0, 0, 0, 55.0, 60.1, 72.1, 75.1, 77.1, 78.1, 84.1, 97.1]"
256,vuelta-a-espana,2011,15,144.0,3765.0,438.0,1170.0,"[48.0, 0, 0, 81.1, 0, 95.1, 0, 0, 0, 101.1, 112.1, 122.2, 137.2, 157.2, 163.2]"
257,vuelta-a-espana,2011,16,180.0,1044.0,9.0,1170.0,"[0, 0, 0, 2.0, 0, 0, 0, 0, 0, 4.0, 0, 0, 0, 0, 0]"
258,vuelta-a-espana,2011,17,212.5,3207.0,203.0,1170.0,"[1.0, 21.0, 24.0, 27.0, 0, 29.0, 31.0, 0, 35.0, 0, 39.0, 42.0, 49.0, 51.0, 54.0]"
259,vuelta-a-espana,2011,18,169.6999969482422,3618.0,158.0,1170.0,"[0, 10.0, 0, 0, 0, 0, 0, 0, 15.0, 68.1, 243.4, 0, 0, 462.7, 0]"
260,vuelta-a-espana,2011,19,157.89999389648438,2708.0,168.0,1170.0,"[41.0, 90.1, 0, 91.1, 93.1, 0, 0, 0, 0, 0, 0, 0, 0, 0, 0]"
261,vuelta-a-espana,2011,20,187.0,3206.0,124.0,1170.0,"[0, 0, 0, 0, 0, 0, 0, 0, 0, 0, 0, 0, 0, 0, 0]"
262,vuelta-a-espana,2011,21,94.0,828.0,9.0,1170.0,"[0, 0, 0, 0, 0, 0, 0, 0, 0, 0, 0, 0, 0, 0, 0]"
263,vuelta-a-espana,2011,22,,,,,
264,vuelta-a-espana,2012,1,16.200000762939453,143.0,4.0,852.0,"[nan, nan, nan, nan, nan, nan, nan, nan, nan, 1140.1, nan, nan, nan, nan, nan]"
265,vuelta-a-espana,2012,2,180.0,1915.0,40.0,852.0,"[0, 0, 0, 0, 0, 0, 0, 0, 0, 0, 0, 0, 0, 0, 0]"
266,vuelta-a-espana,2012,3,153.0,2470.0,162.0,852.0,"[0, 0, 0, 6.0, 0, 0, 0, 0, 0, 0, 0, 0, 0, 27.0, 47.0]"
267,vuelta-a-espana,2012,4,155.39999389648438,2870.0,144.0,852.0,"[2.0, 22.0, 55.0, 0, 57.0, 0, 61.1, 64.1, 0, 0, 0, 0, 0, 0, 0]"
268,vuelta-a-espana,2012,5,172.0,1079.0,8.0,852.0,"[0, 0, 0, 0, 0, 0, 0, 0, 0, 0, 0, 0, 0, 0, 0]"
269,vuelta-a-espana,2012,6,174.8000030517578,2291.0,133.0,852.0,"[5.0, 10.0, 19.0, 0, 0, 25.0, 28.0, 0, 33.0, 35.0, 0, 39.0, 44.0, 0, 47.0]"
270,vuelta-a-espana,2012,7,160.0,1300.0,32.0,852.0,"[0, 0, 0, 0, 0, 0, 0, 0, 0, 0, 0, 2.0, 0, 0, 0]"
271,vuelta-a-espana,2012,8,175.0,3565.0,257.0,852.0,"[0, 0, 15.0, 23.0, 33.0, 0, 39.0, 0, 42.0, 44.0, 62.1, 0, 65.1, 66.1, 84.1]"
272,vuelta-a-espana,2012,9,194.0,2442.0,80.0,852.0,"[0, 7.0, 9.0, 0, 0, 0, 12.0, 0, 0, 0, 0, 0, 0, 0, 0]"
273,vuelta-a-espana,2012,10,166.39999389648438,2240.0,47.0,852.0,"[0, 0, 0, 0, 0, 0, 0, 0, 0, 0, 0, 0, 0, 0, 0]"
274,vuelta-a-espana,2012,11,39.400001525878906,738.0,55.0,852.0,"[17.0, 39.0, 68.1, 69.1, 75.1, 76.1, 77.1, 84.1, 94.1, 99.1, 102.1, 110.1, 117.1, 122.2, 124.2]"
275,vuelta-a-espana,2012,12,184.60000610351562,2589.0,101.0,852.0,"[8.0, 13.0, 20.0, 23.0, 0, 27.0, 31.0, 33.0, 36.0, 0, 0, 39.0, 0, 0, 43.0]"
276,vuelta-a-espana,2012,13,172.6999969482422,2443.0,89.0,852.0,"[4.0, 0, 14.0, 0, 0, 40.0, 0, 0, 0, 0, 0, 0, 0, 0, 0]"
277,vuelta-a-espana,2012,14,152.0,3951.0,354.0,852.0,"[5.0, 13.0, 35.0, 38.0, 44.0, 56.0, 64.1, 73.1, 77.1, 0, 86.1, 111.1, 116.1, 0, 139.2]"
278,vuelta-a-espana,2012,15,186.6999969482422,3549.0,305.0,852.0,"[122.2, 0, 0, 127.2, 132.2, 145.2, 215.3, 229.3, 405.6, 565.9, 0, 0, 578.9, 588.9, 601.0]"
279,vuelta-a-espana,2012,16,185.0,5159.0,438.0,852.0,"[7.0, 159.2, 161.2, 178.2, 204.3, 247.4, 255.4, 258.4, 261.4, 279.4, 282.4, 307.5, 311.5, 313.5, 367.6]"
280,vuelta-a-espana,2012,17,187.3000030517578,3834.0,208.0,852.0,"[6.0, 0, 0, 19.0, 55.0, 73.1, 100.1, 133.2, 158.2, 0, 0, 183.3, 198.3, 245.4, 257.4]"
281,vuelta-a-espana,2012,18,186.39999389648438,1082.0,19.0,852.0,"[0, 0, 0, 0, 0, 0, 0, 0, 6.0, 0, 0, 0, 0, 0, 0]"
282,vuelta-a-espana,2012,19,178.39999389648438,1719.0,66.0,852.0,"[0, 0, 0, 3.0, 0, 0, 0, 0, 0, 0, 0, 0, 0, 6.0, 0]"
283,vuelta-a-espana,2012,20,169.5,4291.0,337.0,852.0,"[17.0, 42.0, 76.1, 99.1, 150.2, 159.2, 194.3, 211.3, 236.3, 248.4, 255.4, 0, 264.4, 274.4, 277.4]"
284,vuelta-a-espana,2012,21,111.9000015258789,751.0,7.0,852.0,"[0, 0, 0, 0, 0, 0, 0, 0, 0, 0, 0, 0, 0, 0, 0]"
285,vuelta-a-espana,2012,22,,,,,
286,vuelta-a-espana,2013,1,27.399999618530273,291.0,11.0,1128.0,"[nan, nan, nan, nan, nan, nan, nan, nan, nan, 1800.9, nan, nan, nan, nan, nan]"
287,vuelta-a-espana,2013,2,177.6999969482422,2317.0,132.0,1128.0,"[2.0, 6.0, 11.0, 12.0, 0, 0, 14.0, 0, 0, 0, 0, 0, 0, 0, 0]"
288,vuelta-a-espana,2013,3,184.8000030517578,1878.0,70.0,1128.0,"[3.0, 0, 0, 0, 0, 0, 0, 0, 0, 0, 0, 0, 13.0, 0, 0]"
289,vuelta-a-espana,2013,4,189.0,2799.0,107.0,1128.0,"[0, 0, 0, 0, 0, 0, 0, 0, 0, 0, 0, 0, 0, 0, 0]"
290,vuelta-a-espana,2013,5,174.3000030517578,3200.0,113.0,1128.0,"[0, 0, 0, 0, 0, 0, 0, 0, 0, 0, 0, 0, 0, 0, 0]"
291,vuelta-a-espana,2013,6,175.0,1620.0,37.0,1128.0,"[0, 0, 0, 0, 0, 0, 0, 0, 0, 0, 0, 0, 0, 0, 0]"
292,vuelta-a-espana,2013,7,205.89999389648438,1779.0,28.0,1128.0,"[0, 1.0, 0, 0, 0, 0, 0, 0, 0, 0, 0, 0, 0, 0, 0]"
293,vuelta-a-espana,2013,8,166.60000610351562,2680.0,213.0,1128.0,"[1.0, 5.0, 0, 0, 8.0, 13.0, 19.0, 0, 23.0, 0, 0, 0, 0, 27.0, 0]"
294,vuelta-a-espana,2013,9,163.6999969482422,2677.0,123.0,1128.0,"[4.0, 0, 8.0, 9.0, 0, 0, 13.0, 0, 15.0, 0, 0, 18.0, 0, 0, 0]"
295,vuelta-a-espana,2013,10,178.0,3755.0,357.0,1128.0,"[48.0, 62.1, 0, 0, 0, 70.1, 85.1, 0, 112.1, 142.2, 0, 0, 0, 168.2, 0]"
296,vuelta-a-espana,2013,11,38.79999923706055,687.0,47.0,1128.0,"[37.0, 84.1, 85.1, 101.1, 108.1, 112.1, 0, 113.1, 133.2, 138.2, 144.2, 145.2, 151.2, 152.2, 158.2]"
297,vuelta-a-espana,2013,12,164.1999969482422,1765.0,31.0,1128.0,"[0, 0, 0, 0, 0, 0, 0, 0, 0, 0, 0, 0, 0, 0, 0]"
298,vuelta-a-espana,2013,13,169.0,2392.0,106.0,1128.0,"[7.0, 0, 0, 0, 0, 0, 0, 24.0, 154.2, 163.2, 0, 0, 0, 0, 0]"
299,vuelta-a-espana,2013,14,155.6999969482422,3340.0,273.0,1128.0,"[233.3, 235.3, 251.4, 259.4, 283.4, 286.4, 0, 317.5, 321.5, 327.5, 333.5, 0, 340.5, 374.6, 379.6]"
300,vuelta-a-espana,2013,15,224.89999389648438,5278.0,407.0,1128.0,"[183.3, 187.3, 200.3, 0, 0, 0, 0, 203.3, 0, 225.3, 236.3, 0, 0, 295.4, 308.5]"
301,vuelta-a-espana,2013,16,146.8000030517578,3220.0,211.0,1128.0,"[0, 3.0, 8.0, 20.0, 37.0, 0, 40.0, 42.0, 45.0, 66.1, 68.1, 69.1, 73.1, 89.1, 96.1]"
302,vuelta-a-espana,2013,17,189.0,2080.0,50.0,1128.0,"[0, 0, 0, 0, 0, 0, 0, 0, 0, 0, 0, 0, 0, 0, 0]"
303,vuelta-a-espana,2013,18,186.5,3879.0,326.0,1128.0,"[28.0, 78.1, 94.1, 102.1, 113.1, 122.2, 133.2, 0, 138.2, 0, 144.2, 0, 151.2, 156.2, 0]"
304,vuelta-a-espana,2013,19,181.0,3052.0,190.0,1128.0,"[11.0, 0, 0, 14.0, 0, 16.0, 20.0, 0, 23.0, 25.0, 33.0, 41.0, 0, 0, 45.0]"
305,vuelta-a-espana,2013,20,142.1999969482422,3728.0,439.0,1128.0,"[26.0, 54.0, 0, 0, 0, 75.1, 105.1, 112.1, 119.1, 0, 140.2, 146.2, 0, 158.2, 187.3]"
306,vuelta-a-espana,2013,21,109.5999984741211,741.0,7.0,1128.0,"[0, 0, 0, 0, 0, 0, 0, 0, 0, 0, 0, 0, 0, 0, 0]"
307,vuelta-a-espana,2013,22,,,,,
308,vuelta-a-espana,2014,1,12.600000381469727,96.0,0.0,1175.0,"[nan, nan, nan, nan, nan, nan, nan, nan, nan, 841.9, nan, nan, nan, nan, nan]"
309,vuelta-a-espana,2014,2,174.39999389648438,1308.0,17.0,1175.0,"[0, 0, 0, 0, 0, 0, 0, 0, 0, 0, 0, 0, 0, 0, 0]"
310,vuelta-a-espana,2014,3,197.8000030517578,2917.0,107.0,1175.0,"[0, 0, 0, 0, 0, 0, 0, 0, 0, 0, 0, 0, 0, 0, 0]"
311,vuelta-a-espana,2014,4,164.6999969482422,1474.0,81.0,1175.0,"[0, 0, 0, 0, 0, 0, 0, 0, 0, 0, 0, 0, 0, 0, 0]"
312,vuelta-a-espana,2014,5,180.0,2149.0,72.0,1175.0,"[0, 0, 0, 0, 0, 0, 0, 0, 0, 0, 0, 0, 5.0, 0, 0]"
313,vuelta-a-espana,2014,6,167.10000610351562,2977.0,175.0,1175.0,"[0, 0, 8.0, 12.0, 18.0, 25.0, 0, 32.0, 33.0, 0, 40.0, 44.0, 0, 47.0, 56.0]"
314,vuelta-a-espana,2014,7,169.0,2744.0,126.0,1175.0,"[94.1, 95.1, 0, 137.2, 0, 138.2, 140.2, 0, 0, 0, 0, 0, 0, 0, 0]"
315,vuelta-a-espana,2014,8,207.0,1663.0,14.0,1175.0,"[0, 0, 0, 0, 0, 0, 0, 0, 0, 0, 0, 0, 0, 0, 0]"
316,vuelta-a-espana,2014,9,185.0,3080.0,203.0,1175.0,"[45.0, 50.0, 64.1, 72.1, 81.1, 93.1, 105.1, 109.1, 128.2, 133.2, 136.2, 0, 0, 142.2, 159.2]"
317,vuelta-a-espana,2014,10,36.70000076293945,444.0,34.0,1175.0,"[15.0, 18.0, 39.0, 48.0, 49.0, 57.0, 60.1, 73.1, 92.1, 0, 95.1, 99.1, 105.1, 0, 109.1]"
318,vuelta-a-espana,2014,11,153.39999389648438,2432.0,211.0,1175.0,"[6.0, 0, 0, 0, 13.0, 15.0, 0, 16.0, 21.0, 25.0, 49.0, 56.0, 74.1, 0, 95.1]"
319,vuelta-a-espana,2014,12,166.39999389648438,1070.0,11.0,1175.0,"[0, 0, 0, 0, 0, 0, 0, 0, 0, 0, 0, 0, 0, 0, 0]"
320,vuelta-a-espana,2014,13,188.6999969482422,3236.0,207.0,1175.0,"[2.0, 0, 5.0, 0, 0, 0, 0, 0, 0, 0, 0, 0, 0, 0, 0]"
321,vuelta-a-espana,2014,14,200.8000030517578,4198.0,228.0,1175.0,"[10.0, 30.0, 39.0, 42.0, 52.0, 104.1, 122.2, 135.2, 156.2, 157.2, 163.2, 165.2, 185.3, 201.3, 210.3]"
322,vuelta-a-espana,2014,15,152.1999969482422,2976.0,287.0,1175.0,"[5.0, 0, 10.0, 17.0, 0, 28.0, 44.0, 60.1, 0, 67.1, 0, 106.1, 0, 118.1, 121.2]"
323,vuelta-a-espana,2014,16,160.5,4908.0,434.0,1175.0,"[15.0, 50.0, 55.0, 59.0, 66.1, 72.1, 82.1, 103.1, 108.1, 111.1, 120.2, 131.2, 0, 152.2, 176.2]"
324,vuelta-a-espana,2014,17,190.6999969482422,2761.0,94.0,1175.0,"[0, 0, 0, 0, 0, 0, 0, 0, 0, 0, 0, 0, 0, 0, 0]"
325,vuelta-a-espana,2014,18,157.0,2384.0,172.0,1175.0,"[1.0, 13.0, 0, 0, 17.0, 33.0, 48.0, 0, 0, 0, 0, 72.1, 0, 0, 0]"
326,vuelta-a-espana,2014,19,180.5,2319.0,122.0,1175.0,"[5.0, 0, 0, 0, 0, 0, 0, 0, 0, 0, 0, 0, 0, 0, 0]"
327,vuelta-a-espana,2014,20,185.6999969482422,4447.0,395.0,1175.0,"[16.0, 57.0, 78.1, 81.1, 171.2, 175.2, 178.2, 195.3, 200.3, 202.3, 206.3, 231.3, 321.5, 0, 0]"
328,vuelta-a-espana,2014,21,9.699999809265137,121.0,9.0,1175.0,"[8.0, 9.0, 17.0, 0, 18.0, 0, 0, 0, 0, 19.0, 21.0, 22.0, 24.0, 27.0, 28.0]"
329,vuelta-a-espana,2014,22,,,,,
330,vuelta-a-espana,2015,1,7.400000095367432,17.0,0.0,1115.0,"[nan, nan, nan, nan, nan, nan, nan, nan, nan, 481.1, nan, nan, nan, nan, nan]"
331,vuelta-a-espana,2015,2,158.6999969482422,2597.0,147.0,1115.0,"[1.0, 9.0, 14.0, 26.0, 0, 30.0, 0, 0, 37.0, 41.0, 0, 0, 42.0, 45.0, 54.0]"
332,vuelta-a-espana,2015,3,158.39999389648438,2613.0,104.0,1115.0,"[0, 0, 0, 0, 0, 0, 0, 0, 0, 0, 0, 0, 0, 0, 0]"
333,vuelta-a-espana,2015,4,209.60000610351562,2141.0,83.0,1115.0,"[0, 0, 0, 0, 0, 0, 0, 0, 0, 0, 0, 0, 0, 0, 0]"
334,vuelta-a-espana,2015,5,167.3000030517578,816.0,9.0,1115.0,"[0, 0, 0, 2.0, 0, 0, 0, 0, 0, 0, 0, 0, 0, 0, 0]"
335,vuelta-a-espana,2015,6,200.3000030517578,2908.0,112.0,1115.0,"[5.0, 0, 11.0, 0, 0, 0, 0, 0, 0, 0, 0, 0, 0, 0, 0]"
336,vuelta-a-espana,2015,7,191.10000610351562,3318.0,204.0,1115.0,"[9.0, 29.0, 34.0, 36.0, 0, 0, 0, 0, 0, 0, 0, 0, 0, 45.0, 51.0]"
337,vuelta-a-espana,2015,8,182.5,1386.0,83.0,1115.0,"[0, 0, 0, 0, 0, 0, 0, 0, 0, 0, 0, 0, 0, 0, 0]"
338,vuelta-a-espana,2015,9,168.3000030517578,2044.0,139.0,1115.0,"[2.0, 5.0, 16.0, 18.0, 20.0, 28.0, 31.0, 33.0, 34.0, 49.0, 56.0, 0, 59.0, 0, 68.1]"
339,vuelta-a-espana,2015,10,146.60000610351562,1520.0,63.0,1115.0,"[0, 0, 0, 0, 0, 0, 0, 0, 0, 0, 0, 0, 0, 0, 0]"
340,vuelta-a-espana,2015,11,138.0,5421.0,515.0,1115.0,"[82.1, 100.1, 117.1, 119.1, 130.2, 0, 179.2, 0, 182.3, 184.3, 0, 259.4, 0, 0, 0]"
341,vuelta-a-espana,2015,12,173.0,2174.0,62.0,1115.0,"[0, 0, 0, 0, 0, 0, 0, 0, 0, 0, 0, 0, 0, 0, 0]"
342,vuelta-a-espana,2015,13,178.0,2673.0,78.0,1115.0,"[60.1, 0, 0, 0, 0, 0, 0, 0, 0, 0, 0, 0, 0, 0, 0]"
343,vuelta-a-espana,2015,14,215.0,3941.0,243.0,1115.0,"[21.0, 32.0, 38.0, 60.1, 212.3, 218.3, 219.3, 0, 224.3, 0, 231.3, 238.3, 0, 0, 245.4]"
344,vuelta-a-espana,2015,15,175.8000030517578,3740.0,309.0,1115.0,"[12.0, 14.0, 15.0, 0, 18.0, 20.0, 24.0, 29.0, 41.0, 0, 51.0, 64.1, 75.1, 82.1, 91.1]"
345,vuelta-a-espana,2015,16,185.0,5207.0,484.0,1115.0,"[70.1, 108.1, 162.2, 169.2, 185.3, 266.4, 362.6, 531.8, 533.8, 543.9, 0, 545.9, 546.9, 547.9, 558.9]"
346,vuelta-a-espana,2015,17,38.70000076293945,328.0,17.0,1115.0,"[64.1, 68.1, 91.1, 92.1, 93.1, 96.1, 98.1, 100.1, 113.1, 124.2, 148.2, 151.2, 155.2, 156.2, 158.2]"
347,vuelta-a-espana,2015,18,204.0,3218.0,142.0,1115.0,"[0, 18.0, 38.0, 0, 0, 0, 0, 0, 0, 0, 0, 0, 0, 0, 0]"
348,vuelta-a-espana,2015,19,185.8000030517578,2331.0,85.0,1115.0,"[40.0, 44.0, 0, 0, 0, 53.0, 63.1, 77.1, 0, 90.1, 105.1, 0, 0, 0, 114.1]"
349,vuelta-a-espana,2015,20,175.8000030517578,3812.0,187.0,1115.0,"[67.1, 68.1, 89.1, 90.1, 0, 0, 95.1, 103.1, 160.2, 162.2, 0, 0, 164.2, 0, 0]"
350,vuelta-a-espana,2015,21,98.80000305175781,726.0,6.0,1115.0,"[0, 0, 0, 0, 0, 0, 0, 0, 0, 0, 0, 0, 0, 0, 0]"
351,vuelta-a-espana,2015,22,,,,,
352,vuelta-a-espana,2016,1,27.799999237060547,362.0,14.0,821.0,"[nan, nan, nan, nan, nan, nan, nan, nan, nan, 1803.7, nan, nan, nan, nan, nan]"
353,vuelta-a-espana,2016,2,160.8000030517578,2168.0,69.0,821.0,"[0, 0, 0, 0, 0, 0, 0, 0, 0, 0, 0, 0, 0, 0, 0]"
354,vuelta-a-espana,2016,3,176.39999389648438,2983.0,177.0,821.0,"[21.0, 26.0, 0, 0, 32.0, 44.0, 54.0, 0, 0, 0, 56.0, 0, 0, 62.1, 66.1]"
355,vuelta-a-espana,2016,4,163.5,3196.0,180.0,821.0,"[15.0, 0, 19.0, 23.0, 24.0, 33.0, 37.0, 40.0, 42.0, 0, 46.0, 49.0, 55.0, 64.1, 95.1]"
356,vuelta-a-espana,2016,5,171.3000030517578,2467.0,73.0,821.0,"[0, 0, 0, 0, 0, 0, 0, 0, 0, 0, 0, 0, 0, 0, 0]"
357,vuelta-a-espana,2016,6,163.1999969482422,2824.0,159.0,821.0,"[20.0, 22.0, 0, 0, 0, 0, 29.0, 0, 0, 0, 0, 0, 0, 0, 0]"
358,vuelta-a-espana,2016,7,158.5,2616.0,104.0,821.0,"[0, 0, 0, 0, 0, 0, 0, 0, 0, 0, 0, 0, 0, 0, 0]"
359,vuelta-a-espana,2016,8,181.5,1279.0,119.0,821.0,"[10.0, 17.0, 24.0, 40.0, 55.0, 71.1, 90.1, 0, 104.1, 158.2, 281.4, 306.5, 314.5, 0, 0]"
360,vuelta-a-espana,2016,9,164.5,2780.0,193.0,821.0,"[27.0, 33.0, 51.0, 0, 53.0, 58.0, 64.1, 0, 70.1, 86.1, 175.2, 176.2, 0, 0, 0]"
361,vuelta-a-espana,2016,10,188.6999969482422,3899.0,319.0,821.0,"[24.0, 25.0, 28.0, 0, 0, 62.1, 65.1, 69.1, 71.1, 84.1, 91.1, 0, 0, 0, 0]"
362,vuelta-a-espana,2016,11,168.60000610351562,2351.0,160.0,821.0,"[0, 6.0, 0, 8.0, 13.0, 14.0, 19.0, 22.0, 30.0, 36.0, 38.0, 47.0, 51.0, 0, 52.0]"
363,vuelta-a-espana,2016,12,193.1999969482422,2996.0,143.0,821.0,"[0, 0, 0, 0, 0, 0, 0, 0, 0, 0, 0, 0, 0, 0, 0]"
364,vuelta-a-espana,2016,13,213.39999389648438,3716.0,160.0,821.0,"[55.0, 0, 0, 0, 0, 62.1, 64.1, 0, 68.1, 87.1, 184.3, 2523.3, 0, 0, 0]"
365,vuelta-a-espana,2016,14,196.0,5575.0,419.0,821.0,"[7.0, 9.0, 31.0, 39.0, 49.0, 71.1, 74.1, 0, 76.1, 86.1, 107.1, 0, 110.1, 0, 113.1]"
366,vuelta-a-espana,2016,15,118.5,3877.0,334.0,821.0,"[3.0, 25.0, 28.0, 31.0, 34.0, 53.0, 76.1, 113.1, 119.1, 130.2, 0, 0, 0, 151.2, 0]"
367,vuelta-a-espana,2016,16,156.39999389648438,1514.0,24.0,821.0,"[0, 0, 0, 0, 0, 0, 0, 0, 0, 0, 2.0, 0, 0, 0, 0]"
368,vuelta-a-espana,2016,17,177.5,3460.0,229.0,821.0,"[6.0, 11.0, 14.0, 16.0, 29.0, 48.0, 57.0, 62.1, 64.1, 70.1, 81.1, 84.1, 91.1, 94.1, 97.1]"
369,vuelta-a-espana,2016,18,200.60000610351562,2550.0,49.0,821.0,"[0, 0, 0, 0, 0, 0, 0, 0, 0, 0, 0, 0, 0, 0, 0]"
370,vuelta-a-espana,2016,19,37.0,446.0,19.0,821.0,"[44.0, 84.1, 86.1, 107.1, 111.1, 114.1, 117.1, 118.1, 130.2, 136.2, 150.2, 153.2, 158.2, 160.2, 167.2]"
371,vuelta-a-espana,2016,20,193.1999969482422,5036.0,349.0,821.0,"[2.0, 17.0, 40.0, 63.1, 88.1, 122.2, 181.3, 197.3, 243.4, 245.4, 274.4, 281.4, 304.5, 310.5, 328.5]"
372,vuelta-a-espana,2016,21,104.0999984741211,847.0,10.0,821.0,"[0, 0, 0, 0, 0, 0, 0, 0, 0, 0, 0, 0, 0, 0, 0]"
373,vuelta-a-espana,2016,22,,,,,
374,vuelta-a-espana,2017,1,13.699999809265137,122.0,1.0,899.0,"[nan, nan, nan, nan, nan, nan, nan, nan, nan, 960.4, nan, nan, nan, nan, nan]"
375,vuelta-a-espana,2017,2,203.39999389648438,588.0,5.0,899.0,"[0, 0, 0, 0, 0, 0, 0, 0, 0, 5.0, 0, 0, 8.0, 0, 0]"
376,vuelta-a-espana,2017,3,158.5,3623.0,244.0,899.0,"[0, 0, 0, 0, 0, 0, 0, 0, 25.0, 0, 0, 29.0, 54.0, 0, 0]"
377,vuelta-a-espana,2017,4,198.1999969482422,1835.0,36.0,899.0,"[0, 0, 0, 0, 0, 0, 0, 0, 0, 0, 0, 0, 0, 0, 0]"
378,vuelta-a-espana,2017,5,157.6999969482422,2909.0,156.0,899.0,"[42.0, 56.0, 71.1, 84.1, 97.1, 100.1, 124.2, 138.2, 151.2, 200.3, 240.4, 271.4, 0, 0, 0]"
379,vuelta-a-espana,2017,6,204.39999389648438,2704.0,106.0,899.0,"[0, 0, 8.0, 0, 26.0, 0, 0, 0, 0, 0, 0, 0, 0, 0, 0]"
380,vuelta-a-espana,2017,7,207.0,3034.0,81.0,899.0,"[16.0, 0, 0, 27.0, 0, 29.0, 81.1, 92.1, 0, 95.1, 0, 140.2, 160.2, 518.8, 0]"
381,vuelta-a-espana,2017,8,199.5,2593.0,163.0,899.0,"[2.0, 0, 26.0, 28.0, 32.0, 0, 34.0, 37.0, 64.1, 66.1, 77.1, 87.1, 0, 0, 104.1]"
382,vuelta-a-espana,2017,9,174.0,2041.0,151.0,899.0,"[4.0, 5.0, 8.0, 0, 12.0, 0, 0, 14.0, 0, 17.0, 19.0, 0, 23.0, 27.0, 0]"
383,vuelta-a-espana,2017,10,164.8000030517578,1568.0,106.0,899.0,"[1.0, 19.0, 21.0, 56.0, 59.0, 142.2, 0, 160.2, 185.3, 239.3, 243.4, 272.4, 0, 0, 0]"
384,vuelta-a-espana,2017,11,187.5,3878.0,296.0,899.0,"[14.0, 0, 0, 31.0, 0, 0, 0, 62.1, 74.1, 77.1, 0, 82.1, 92.1, 0, 0]"
385,vuelta-a-espana,2017,12,160.10000610351562,2681.0,188.0,899.0,"[52.0, 0, 0, 0, 102.1, 170.2, 0, 0, 180.3, 303.5, 409.6, 445.7, 467.7, 0, 0]"
386,vuelta-a-espana,2017,13,198.39999389648438,1938.0,39.0,899.0,"[0, 0, 0, 0, 0, 0, 0, 0, 0, 0, 0, 0, 0, 0, 7.0]"
387,vuelta-a-espana,2017,14,175.0,3723.0,285.0,899.0,"[27.0, 31.0, 0, 0, 0, 37.0, 46.0, 57.0, 63.1, 73.1, 79.1, 0, 0, 0, 0]"
388,vuelta-a-espana,2017,15,129.39999389648438,3549.0,367.0,899.0,"[36.0, 45.0, 47.0, 0, 50.0, 53.0, 0, 0, 62.1, 0, 83.1, 87.1, 106.1, 137.2, 162.2]"
389,vuelta-a-espana,2017,16,40.20000076293945,411.0,22.0,899.0,"[29.0, 57.0, 59.0, 0, 67.1, 71.1, 90.1, 101.1, 109.1, 110.1, 115.1, 127.2, 129.2, 132.2, 135.2]"
390,vuelta-a-espana,2017,17,180.5,4022.0,328.0,899.0,"[28.0, 64.1, 0, 0, 0, 73.1, 77.1, 79.1, 102.1, 0, 0, 106.1, 0, 113.1, 121.2]"
391,vuelta-a-espana,2017,18,169.0,3476.0,213.0,899.0,"[31.0, 46.0, 62.1, 66.1, 79.1, 81.1, 0, 98.1, 102.1, 117.1, 122.2, 140.2, 169.2, 206.3, 221.3]"
392,vuelta-a-espana,2017,19,149.6999969482422,2484.0,134.0,899.0,"[0, 0, 0, 0, 0, 0, 0, 0, 45.0, 0, 0, 49.0, 160.2, 0, 0]"
393,vuelta-a-espana,2017,20,117.5,3817.0,504.0,899.0,"[17.0, 0, 35.0, 51.0, 0, 0, 71.1, 85.1, 96.1, 106.1, 135.2, 196.3, 223.3, 236.3, 0]"
394,vuelta-a-espana,2017,21,117.5999984741211,913.0,9.0,899.0,"[0, 0, 0, 0, 0, 0, 0, 0, 0, 0, 0, 0, 0, 0, 0]"
395,vuelta-a-espana,2017,22,,,,,
396,vuelta-a-espana,2018,1,8.0,66.0,6.0,1036.0,"[6.0, 7.0, 17.0, 20.0, 21.0, 0, 0, 22.0, 0, 0, 0, 23.0, 0, 0, 24.0]"
397,vuelta-a-espana,2018,2,163.5,2826.0,115.0,1036.0,"[0, 3.0, 0, 0, 0, 0, 0, 0, 0, 0, 0, 8.0, 0, 0, 0]"
398,vuelta-a-espana,2018,3,178.1999969482422,3160.0,114.0,1036.0,"[0, 0, 0, 0, 0, 0, 0, 0, 0, 0, 0, 0, 0, 0, 0]"
399,vuelta-a-espana,2018,4,161.39999389648438,3300.0,193.0,1036.0,"[2.0, 13.0, 68.1, 99.1, 117.1, 144.2, 168.2, 170.2, 187.3, 0, 193.3, 195.3, 0, 0, 0]"
400,vuelta-a-espana,2018,5,188.6999969482422,3178.0,116.0,1036.0,"[0, 0, 8.0, 0, 0, 118.1, 120.2, 0, 0, 0, 0, 0, 0, 0, 232.3]"
401,vuelta-a-espana,2018,6,155.6999969482422,1399.0,41.0,1036.0,"[0, 0, 0, 0, 0, 0, 0, 0, 0, 0, 0, 0, 0, 0, 0]"
402,vuelta-a-espana,2018,7,185.6999969482422,2535.0,117.0,1036.0,"[5.0, 0, 0, 0, 0, 0, 0, 0, 0, 0, 0, 0, 0, 0, 0]"
403,vuelta-a-espana,2018,8,195.10000610351562,2112.0,48.0,1036.0,"[0, 0, 0, 0, 0, 0, 0, 0, 0, 0, 0, 0, 0, 0, 0]"
404,vuelta-a-espana,2018,9,200.8000030517578,4399.0,276.0,1036.0,"[48.0, 158.2, 160.2, 0, 0, 163.2, 166.2, 169.2, 182.3, 184.3, 185.3, 0, 0, 188.3, 200.3]"
405,vuelta-a-espana,2018,10,177.0,1306.0,27.0,1036.0,"[0, 0, 0, 0, 0, 0, 0, 0, 0, 0, 0, 0, 0, 0, 0]"
406,vuelta-a-espana,2018,11,207.8000030517578,3755.0,174.0,1036.0,"[28.0, 59.0, 84.1, 105.1, 106.1, 0, 108.1, 110.1, 0, 112.1, 122.2, 0, 0, 0, 0]"
407,vuelta-a-espana,2018,12,181.10000610351562,3021.0,126.0,1036.0,"[0, 0, 0, 2.0, 5.0, 24.0, 48.0, 147.2, 149.2, 151.2, 0, 152.2, 0, 0, 0]"
408,vuelta-a-espana,2018,13,174.8000030517578,3334.0,194.0,1036.0,"[19.0, 30.0, 38.0, 43.0, 60.1, 72.1, 81.1, 85.1, 87.1, 92.1, 0, 99.1, 103.1, 106.1, 115.1]"
409,vuelta-a-espana,2018,14,171.0,3314.0,286.0,1036.0,"[2.0, 0, 5.0, 7.0, 11.0, 19.0, 27.0, 37.0, 39.0, 47.0, 53.0, 56.0, 0, 62.1, 98.1]"
410,vuelta-a-espana,2018,15,178.1999969482422,4586.0,390.0,1036.0,"[28.0, 30.0, 32.0, 0, 34.0, 0, 85.1, 93.1, 109.1, 158.2, 170.2, 185.3, 241.4, 0, 0]"
411,vuelta-a-espana,2018,16,32.0,501.0,29.0,1036.0,"[50.0, 0, 51.0, 0, 63.1, 65.1, 67.1, 70.1, 0, 77.1, 0, 88.1, 89.1, 95.1, 99.1]"
412,vuelta-a-espana,2018,17,157.0,3574.0,298.0,1036.0,"[5.0, 10.0, 13.0, 38.0, 44.0, 48.0, 51.0, 55.0, 108.1, 0, 111.1, 117.1, 160.2, 0, 164.2]"
413,vuelta-a-espana,2018,18,186.10000610351562,1040.0,12.0,1036.0,"[0, 0, 0, 0, 0, 0, 0, 0, 0, 0, 0, 0, 0, 0, 0]"
414,vuelta-a-espana,2018,19,154.39999389648438,3183.0,239.0,1036.0,"[5.0, 13.0, 52.0, 0, 0, 63.1, 72.1, 75.1, 109.1, 140.2, 0, 0, 0, 0, 0]"
415,vuelta-a-espana,2018,20,97.30000305175781,3429.0,341.0,1036.0,"[0, 23.0, 54.0, 57.0, 71.1, 75.1, 137.2, 189.3, 0, 224.3, 265.4, 287.4, 298.4, 0, 308.5]"
416,vuelta-a-espana,2018,21,112.30000305175781,603.0,1.0,1036.0,"[0, 0, 0, 0, 0, 0, 0, 0, 0, 0, 0, 0, 0, 0, 0]"
417,vuelta-a-espana,2018,22,,,,,
418,vuelta-a-espana,2019,1,13.399999618530273,107.0,2.0,798.0,"[nan, nan, nan, nan, nan, nan, nan, nan, 845.3, nan, nan, nan, nan, nan, nan]"
419,vuelta-a-espana,2019,2,199.60000610351562,3238.0,113.0,798.0,"[5.0, 0, 0, 0, 8.0, 37.0, 0, 0, 0, 0, 0, 0, 0, 0, 0]"
420,vuelta-a-espana,2019,3,188.0,1730.0,65.0,798.0,"[0, 0, 0, 0, 0, 0, 0, 0, 0, 0, 0, 0, 0, 0, 0]"
421,vuelta-a-espana,2019,4,175.5,1233.0,27.0,798.0,"[0, 0, 0, 0, 0, 0, 0, 0, 0, 0, 0, 0, 0, 0, 0]"
422,vuelta-a-espana,2019,5,170.6999969482422,3764.0,270.0,798.0,"[10.0, 22.0, 47.0, 59.0, 0, 89.1, 101.1, 0, 106.1, 112.1, 125.2, 131.2, 137.2, 146.2, 0]"
423,vuelta-a-espana,2019,6,198.89999389648438,3294.0,151.0,798.0,"[7.0, 21.0, 0, 37.0, 39.0, 45.0, 47.0, 50.0, 155.2, 342.5, 344.5, 0, 0, 0, 0]"
424,vuelta-a-espana,2019,7,183.1999969482422,2842.0,242.0,798.0,"[0, 6.0, 0, 42.0, 48.0, 51.0, 0, 67.1, 80.1, 85.1, 97.1, 0, 0, 108.1, 118.1]"
425,vuelta-a-espana,2019,8,166.89999389648438,2291.0,95.0,798.0,"[0, 0, 0, 0, 0, 0, 0, 0, 0, 0, 0, 0, 6.0, 35.0, 58.0]"
426,vuelta-a-espana,2019,9,94.4000015258789,3300.0,394.0,798.0,"[23.0, 48.0, 0, 57.0, 59.0, 61.1, 0, 0, 98.1, 106.1, 122.2, 128.2, 0, 0, 168.2]"
427,vuelta-a-espana,2019,10,36.20000076293945,525.0,49.0,798.0,"[25.0, 27.0, 48.0, 62.1, 74.1, 81.1, 82.1, 87.1, 88.1, 89.1, 96.1, 98.1, 120.2, 0, 126.2]"
428,vuelta-a-espana,2019,11,180.0,3168.0,137.0,798.0,"[6.0, 0, 0, 0, 9.0, 12.0, 0, 0, 0, 0, 20.0, 551.9, 1171.7, 1431.8, 0]"
429,vuelta-a-espana,2019,12,171.39999389648438,2072.0,160.0,798.0,"[3.0, 0, 22.0, 26.0, 29.0, 0, 0, 0, 31.0, 65.1, 0, 0, 147.2, 182.3, 0]"
430,vuelta-a-espana,2019,13,166.39999389648438,4179.0,287.0,798.0,"[0, 27.0, 0, 0, 0, 61.1, 68.1, 0, 0, 73.1, 0, 83.1, 0, 85.1, 92.1]"
431,vuelta-a-espana,2019,14,188.0,2432.0,63.0,798.0,"[0, 0, 0, 0, 0, 0, 0, 0, 0, 0, 0, 0, 0, 0, 0]"
432,vuelta-a-espana,2019,15,154.39999389648438,4114.0,368.0,798.0,"[39.0, 40.0, 53.0, 109.1, 125.2, 131.2, 134.2, 0, 168.2, 175.2, 0, 183.3, 193.3, 209.3, 230.3]"
433,vuelta-a-espana,2019,16,144.39999389648438,4114.0,326.0,798.0,"[22.0, 40.0, 42.0, 72.1, 129.2, 135.2, 141.2, 152.2, 0, 166.2, 229.3, 349.5, 358.5, 0, 0]"
434,vuelta-a-espana,2019,17,219.60000610351562,2395.0,57.0,798.0,"[2.0, 0, 0, 0, 0, 0, 0, 0, 6.0, 0, 9.0, 10.0, 0, 19.0, 30.0]"
435,vuelta-a-espana,2019,18,178.1999969482422,3689.0,162.0,798.0,"[15.0, 0, 0, 17.0, 76.1, 0, 0, 0, 227.3, 0, 0, 256.4, 0, 262.4, 290.4]"
436,vuelta-a-espana,2019,19,165.1999969482422,1771.0,48.0,798.0,"[5.0, 0, 0, 0, 0, 0, 0, 0, 0, 0, 0, 0, 0, 0, 0]"
437,vuelta-a-espana,2019,20,190.39999389648438,4559.0,242.0,798.0,"[92.1, 0, 0, 101.1, 109.1, 0, 116.1, 119.1, 0, 132.2, 152.2, 157.2, 162.2, 165.2, 179.2]"
438,vuelta-a-espana,2019,21,106.5999984741211,763.0,8.0,798.0,"[0, 0, 0, 0, 0, 0, 0, 0, 0, 0, 0, 0, 0, 0, 0]"
439,vuelta-a-espana,2019,22,,,,,
440,vuelta-a-espana,2020,1,173.0,2975.0,209.0,692.0,"[1.0, 0, 0, 0, 0, 4.0, 10.0, 40.0, 51.0, 0, 0, 0, 0, 0, 0]"
441,vuelta-a-espana,2020,2,151.60000610351562,2435.0,171.0,692.0,"[19.0, 0, 0, 0, 0, 0, 0, 0, 0, 58.0, 61.1, 0, 0, 0, 0]"
442,vuelta-a-espana,2020,3,166.10000610351562,2779.0,117.0,692.0,"[0, 0, 4.0, 7.0, 9.0, 12.0, 0, 0, 24.0, 34.0, 36.0, 0, 43.0, 45.0, 0]"
443,vuelta-a-espana,2020,4,191.6999969482422,1160.0,15.0,692.0,"[0, 0, 0, 0, 0, 0, 0, 0, 0, 0, 0, 0, 0, 0, 0]"
444,vuelta-a-espana,2020,5,184.39999389648438,3407.0,185.0,692.0,"[4.0, 12.0, 133.2, 0, 0, 0, 0, 0, 0, 0, 0, 0, 0, 0, 0]"
445,vuelta-a-espana,2020,6,146.39999389648438,3020.0,185.0,692.0,"[25.0, 0, 27.0, 0, 0, 38.0, 48.0, 53.0, 55.0, 0, 0, 0, 62.1, 74.1, 81.1]"
446,vuelta-a-espana,2020,7,159.6999969482422,2657.0,142.0,692.0,"[4.0, 0, 8.0, 0, 13.0, 0, 0, 0, 0, 0, 0, 0, 0, 21.0, 56.0]"
447,vuelta-a-espana,2020,8,164.0,3021.0,249.0,692.0,"[13.0, 19.0, 25.0, 33.0, 35.0, 54.0, 0, 93.1, 97.1, 99.1, 0, 109.1, 125.2, 0, 0]"
448,vuelta-a-espana,2020,9,157.6999969482422,1163.0,18.0,692.0,"[0, 0, 0, 0, 0, 0, 0, 0, 0, 0, 0, 0, 0, 0, 0]"
449,vuelta-a-espana,2020,10,185.0,2302.0,84.0,692.0,"[0, 0, 0, 0, 0, 0, 0, 3.0, 0, 0, 0, 0, 0, 0, 0]"
450,vuelta-a-espana,2020,11,170.0,5098.0,435.0,692.0,"[4.0, 52.0, 0, 55.0, 58.0, 63.1, 0, 0, 0, 70.1, 0, 72.1, 0, 75.1, 77.1]"
451,vuelta-a-espana,2020,12,109.4000015258789,3125.0,452.0,692.0,"[16.0, 0, 0, 26.0, 0, 0, 95.1, 0, 135.2, 0, 174.2, 0, 211.3, 221.3, 0]"
452,vuelta-a-espana,2020,13,33.70000076293945,536.0,65.0,692.0,"[1.0, 10.0, 25.0, 41.0, 46.0, 49.0, 58.0, 59.0, 67.1, 72.1, 0, 77.1, 89.1, 90.1, 103.1]"
453,vuelta-a-espana,2020,14,204.6999969482422,3057.0,100.0,692.0,"[0, 0, 0, 11.0, 13.0, 191.3, 224.3, 0, 0, 0, 0, 0, 0, 0, 0]"
454,vuelta-a-espana,2020,15,230.8000030517578,4448.0,158.0,692.0,"[0, 0, 0, 0, 0, 0, 0, 0, 0, 0, 0, 0, 0, 0, 0]"
455,vuelta-a-espana,2020,16,162.0,2762.0,122.0,692.0,"[0, 0, 0, 0, 0, 0, 0, 0, 0, 0, 0, 0, 0, 0, 0]"
456,vuelta-a-espana,2020,17,178.1999969482422,4365.0,316.0,692.0,"[28.0, 65.1, 0, 113.1, 0, 143.2, 155.2, 170.2, 176.2, 183.3, 196.3, 201.3, 218.3, 225.3, 0]"
457,vuelta-a-espana,2020,18,139.60000610351562,1492.0,30.0,692.0,"[0, 0, 0, 0, 0, 0, 0, 0, 0, 0, 0, 0, 0, 0, 0]"
458,vuelta-a-espana,2020,19,,,,,
459,vuelta-a-espana,2020,20,,,,,
460,vuelta-a-espana,2020,21,,,,,
461,vuelta-a-espana,2020,22,,,,,
462,vuelta-a-espana,2021,1,7.099999904632568,87.0,9.0,1023.0,"[6.0, 8.0, 10.0, 0, 11.0, 12.0, 13.0, 14.0, 0, 15.0, 0, 17.0, 0, 18.0, 20.0]"
463,vuelta-a-espana,2021,2,166.6999969482422,1049.0,10.0,1023.0,"[0, 0, 0, 0, 0, 0, 0, 0, 0, 0, 0, 0, 0, 0, 0]"
464,vuelta-a-espana,2021,3,202.8000030517578,2787.0,232.0,1023.0,"[21.0, 36.0, 76.1, 105.1, 108.1, 0, 0, 0, 0, 0, 0, 115.1, 120.2, 0, 125.2]"
465,vuelta-a-espana,2021,4,163.89999389648438,1534.0,23.0,1023.0,"[0, 0, 0, 0, 0, 0, 0, 0, 0, 0, 0, 0, 0, 0, 0]"
466,vuelta-a-espana,2021,5,184.39999389648438,640.0,2.0,1023.0,"[0, 0, 0, 0, 0, 0, 0, 0, 0, 0, 0, 0, 0, 0, 0]"
467,vuelta-a-espana,2021,6,158.3000030517578,902.0,50.0,1023.0,"[0, 2.0, 4.0, 0, 6.0, 8.0, 0, 9.0, 16.0, 21.0, 25.0, 0, 27.0, 0, 0]"
468,vuelta-a-espana,2021,7,152.0,3744.0,272.0,1023.0,"[21.0, 59.0, 76.1, 84.1, 92.1, 0, 97.1, 137.2, 149.2, 169.2, 173.2, 0, 188.3, 213.3, 0]"
469,vuelta-a-espana,2021,8,173.6999969482422,923.0,23.0,1023.0,"[0, 0, 0, 0, 0, 0, 0, 0, 0, 0, 0, 0, 0, 0, 0]"
470,vuelta-a-espana,2021,9,188.0,4725.0,348.0,1023.0,"[65.1, 66.1, 104.1, 0, 0, 127.2, 130.2, 0, 160.2, 0, 163.2, 165.2, 219.3, 228.3, 0]"
471,vuelta-a-espana,2021,10,189.0,2390.0,134.0,1023.0,"[22.0, 0, 0, 0, 51.0, 0, 0, 0, 0, 0, 0, 92.1, 0, 140.2, 180.3]"
472,vuelta-a-espana,2021,11,133.60000610351562,2647.0,155.0,1023.0,"[3.0, 5.0, 7.0, 0, 0, 0, 0, 11.0, 0, 0, 0, 0, 17.0, 0, 20.0]"
473,vuelta-a-espana,2021,12,175.0,2018.0,107.0,1023.0,"[0, 0, 0, 0, 0, 0, 0, 0, 0, 0, 0, 0, 0, 0, 0]"
474,vuelta-a-espana,2021,13,203.6999969482422,1645.0,22.0,1023.0,"[0, 2.0, 3.0, 0, 0, 0, 0, 0, 6.0, 9.0, 0, 11.0, 0, 0, 0]"
475,vuelta-a-espana,2021,14,165.6999969482422,3448.0,288.0,1023.0,"[44.0, 0, 72.1, 74.1, 76.1, 79.1, 106.1, 124.2, 135.2, 146.2, 163.2, 242.4, 339.5, 631.0, 851.0]"
476,vuelta-a-espana,2021,15,197.5,3860.0,167.0,1023.0,"[87.1, 139.2, 162.2, 177.2, 0, 0, 0, 0, 0, 0, 0, 0, 0, 0, 0]"
477,vuelta-a-espana,2021,16,180.0,2279.0,81.0,1023.0,"[0, 0, 0, 0, 0, 0, 0, 0, 0, 0, 0, 0, 0, 0, 0]"
478,vuelta-a-espana,2021,17,185.8000030517578,4519.0,366.0,1023.0,"[95.1, 0, 0, 0, 0, 0, 0, 149.2, 164.2, 0, 167.2, 0, 223.3, 286.4, 303.5]"
479,vuelta-a-espana,2021,18,162.60000610351562,4951.0,509.0,1023.0,"[14.0, 20.0, 22.0, 58.0, 0, 0, 0, 66.1, 67.1, 117.1, 169.2, 187.3, 218.3, 237.3, 241.4]"
480,vuelta-a-espana,2021,19,191.1999969482422,3540.0,98.0,1023.0,"[0, 0, 0, 0, 0, 5.0, 18.0, 0, 0, 0, 0, 0, 0, 0, 0]"
481,vuelta-a-espana,2021,20,202.1999969482422,4214.0,251.0,1023.0,"[6.0, 8.0, 0, 12.0, 16.0, 23.0, 26.0, 0, 50.0, 65.1, 69.1, 73.1, 75.1, 95.1, 145.2]"
482,vuelta-a-espana,2021,21,33.79999923706055,641.0,56.0,1023.0,"[14.0, 52.0, 76.1, 103.1, 109.1, 112.1, 0, 124.2, 126.2, 134.2, 137.2, 142.2, 144.2, 154.2, 155.2]"
483,vuelta-a-espana,2021,22,,,,,
484,vuelta-a-espana,2022,1,23.299999237060547,31.0,0.0,968.0,"[nan, nan, nan, nan, nan, nan, nan, nan, 1445.3, nan, nan, nan, nan, nan, nan]"
485,vuelta-a-espana,2022,2,175.10000610351562,518.0,10.0,968.0,"[0, 0, 0, 0, 0, 0, 0, 0, 0, 0, 0, 0, 0, 0, 0]"
486,vuelta-a-espana,2022,3,193.1999969482422,255.0,0.0,968.0,"[0, 0, 0, 0, 0, 0, 0, 0, 0, 0, 0, 0, 0, 0, 0]"
487,vuelta-a-espana,2022,4,152.5,2319.0,133.0,968.0,"[0, 0, 0, 0, 0, 0, 0, 0, 0, 0, 0, 7.0, 0, 0, 0]"
488,vuelta-a-espana,2022,5,187.1999969482422,2978.0,162.0,968.0,"[4.0, 0, 0, 0, 0, 0, 0, 0, 0, 0, 210.3, 258.4, 309.5, 0, 0]"
489,vuelta-a-espana,2022,6,181.1999969482422,4120.0,294.0,968.0,"[15.0, 16.0, 55.0, 97.1, 0, 0, 0, 0, 0, 0, 0, 0, 0, 0, 110.1]"
490,vuelta-a-espana,2022,7,190.0,3359.0,112.0,968.0,"[0, 0, 0, 0, 29.0, 0, 0, 0, 0, 0, 0, 0, 0, 0, 0]"
491,vuelta-a-espana,2022,8,153.39999389648438,3741.0,335.0,968.0,"[43.0, 0, 47.0, 80.1, 0, 0, 93.1, 0, 102.1, 107.1, 130.2, 0, 0, 136.2, 0]"
492,vuelta-a-espana,2022,9,171.39999389648438,3675.0,242.0,968.0,"[61.1, 74.1, 94.1, 118.1, 128.2, 0, 138.2, 140.2, 146.2, 157.2, 0, 178.2, 186.3, 195.3, 197.3]"
493,vuelta-a-espana,2022,10,30.899999618530273,179.0,4.0,968.0,"[48.0, 60.1, 82.1, 87.1, 97.1, 102.1, 106.1, 107.1, 111.1, 113.1, 0, 0, 119.1, 133.2, 136.2]"
494,vuelta-a-espana,2022,11,191.1999969482422,1592.0,38.0,968.0,"[0, 0, 0, 0, 0, 0, 0, 0, 0, 0, 0, 0, 0, 0, 0]"
495,vuelta-a-espana,2022,12,192.6999969482422,3238.0,273.0,968.0,"[9.0, 24.0, 26.0, 34.0, 56.0, 72.1, 83.1, 184.3, 197.3, 242.4, 301.5, 0, 307.5, 459.7, 0]"
496,vuelta-a-espana,2022,13,168.39999389648438,1766.0,54.0,968.0,"[0, 0, 0, 0, 0, 0, 0, 0, 0, 0, 0, 0, 0, 0, 0]"
497,vuelta-a-espana,2022,14,160.3000030517578,3312.0,278.0,968.0,"[8.0, 0, 27.0, 36.0, 0, 51.0, 56.0, 0, 84.1, 86.1, 0, 100.1, 0, 0, 0]"
498,vuelta-a-espana,2022,15,152.60000610351562,4033.0,407.0,968.0,"[83.1, 85.1, 90.1, 104.1, 0, 115.1, 0, 0, 119.1, 130.2, 153.2, 190.3, 209.3, 273.4, 333.5]"
499,vuelta-a-espana,2022,16,189.39999389648438,1076.0,28.0,968.0,"[0, 0, 0, 8.0, 0, 0, 0, 0, 0, 0, 0, 0, 0, 0, 0]"
500,vuelta-a-espana,2022,17,162.3000030517578,2755.0,161.0,968.0,"[0, 2.0, 15.0, 26.0, 29.0, 46.0, 55.0, 69.1, 90.1, 126.2, 163.2, 302.5, 311.5, 0, 313.5]"
501,vuelta-a-espana,2022,18,192.0,3680.0,214.0,968.0,"[2.0, 0, 13.0, 0, 0, 0, 0, 0, 0, 0, 26.0, 45.0, 73.1, 77.1, 79.1]"
502,vuelta-a-espana,2022,19,138.3000030517578,2278.0,101.0,968.0,"[0, 0, 0, 0, 0, 0, 0, 0, 0, 0, 0, 0, 0, 0, 0]"
503,vuelta-a-espana,2022,20,181.0,3977.0,216.0,968.0,"[8.0, 13.0, 0, 0, 15.0, 0, 0, 17.0, 32.0, 71.1, 83.1, 0, 0, 0, 0]"
504,vuelta-a-espana,2022,21,96.69999694824219,773.0,10.0,968.0,"[0, 0, 0, 0, 0, 0, 0, 0, 0, 0, 0, 0, 0, 0, 0]"
505,vuelta-a-espana,2022,22,,,,,
506,vuelta-a-espana,2023,1,14.800000190734863,60.0,0.0,846.0,"[nan, nan, nan, nan, nan, nan, nan, nan, 1023.0, nan, nan, nan, nan, nan, nan]"
507,vuelta-a-espana,2023,2,181.8000030517578,2754.0,80.0,846.0,"[0, 0, 0, 0, 0, 0, 0, 0, 0, 0, 0, 0, 0, 0, 0]"
508,vuelta-a-espana,2023,3,158.5,3472.0,263.0,846.0,"[1.0, 0, 0, 0, 0, 0, 0, 0, 0, 0, 10.0, 13.0, 0, 21.0, 0]"
509,vuelta-a-espana,2023,4,184.60000610351562,1822.0,57.0,846.0,"[0, 0, 0, 0, 0, 0, 0, 0, 0, 0, 0, 0, 0, 0, 0]"
510,vuelta-a-espana,2023,5,186.1999969482422,2395.0,65.0,846.0,"[0, 0, 0, 0, 0, 0, 0, 0, 0, 0, 0, 0, 0, 0, 0]"
511,vuelta-a-espana,2023,6,183.10000610351562,4013.0,273.0,846.0,"[26.0, 31.0, 46.0, 0, 63.1, 65.1, 72.1, 0, 86.1, 92.1, 0, 98.1, 106.1, 135.2, 148.2]"
512,vuelta-a-espana,2023,7,200.8000030517578,1144.0,12.0,846.0,"[0, 0, 0, 0, 0, 0, 0, 0, 0, 0, 0, 0, 0, 0, 0]"
513,vuelta-a-espana,2023,8,165.0,3619.0,235.0,846.0,"[0, 0, 2.0, 0, 0, 0, 0, 34.0, 39.0, 41.0, 60.1, 70.1, 0, 76.1, 78.1]"
514,vuelta-a-espana,2023,9,184.5,3041.0,162.0,846.0,"[13.0, 72.1, 60.1, 97.1, 0, 131.2, 161.2, 196.3, 191.3, 248.4, 205.3, 257.4, 207.3, 205.3, 196.3]"
515,vuelta-a-espana,2023,10,25.799999237060547,115.0,5.0,846.0,"[16.0, 36.0, 50.0, 52.0, 69.1, 71.1, 72.1, 0, 78.1, 79.1, 84.1, 89.1, 95.1, 104.1, 106.1]"
516,vuelta-a-espana,2023,11,163.1999969482422,2203.0,112.0,846.0,"[3.0, 8.0, 12.0, 19.0, 24.0, 0, 27.0, 58.0, 76.1, 96.1, 104.1, 107.1, 109.1, 113.1, 126.2]"
517,vuelta-a-espana,2023,12,150.60000610351562,865.0,11.0,846.0,"[0, 0, 0, 0, 0, 0, 0, 0, 0, 0, 0, 0, 0, 0, 0]"
518,vuelta-a-espana,2023,13,134.6999969482422,4266.0,400.0,846.0,"[30.0, 33.0, 38.0, 0, 40.0, 75.1, 132.2, 152.2, 188.3, 282.4, 316.5, 319.5, 329.5, 407.6, 447.7]"
519,vuelta-a-espana,2023,14,156.1999969482422,4531.0,406.0,846.0,"[72.1, 393.6, 395.6, 444.7, 501.8, 502.8, 0, 0, 0, 0, 0, 0, 0, 0, 0]"
520,vuelta-a-espana,2023,15,158.3000030517578,2494.0,111.0,846.0,"[0, 0, 2.0, 0, 0, 0, 0, 36.0, 67.1, 172.2, 0, 0, 0, 0, 0]"
521,vuelta-a-espana,2023,16,120.0999984741211,2122.0,153.0,846.0,"[43.0, 49.0, 55.0, 61.1, 0, 0, 0, 65.1, 0, 69.1, 73.1, 0, 83.1, 86.1, 0]"
522,vuelta-a-espana,2023,17,124.4000015258789,3269.0,464.0,846.0,"[0, 19.0, 0, 44.0, 58.0, 80.1, 0, 102.1, 103.1, 137.2, 163.2, 175.2, 190.3, 211.3, 238.3]"
523,vuelta-a-espana,2023,18,178.89999389648438,4630.0,422.0,846.0,"[284.4, 310.5, 312.5, 317.5, 371.6, 421.7, 569.9, 0, 0, 0, 572.9, 578.9, 831.0, 0, 0]"
524,vuelta-a-espana,2023,19,177.10000610351562,919.0,8.0,846.0,"[0, 0, 0, 0, 0, 0, 0, 0, 0, 0, 0, 0, 0, 0, 0]"
525,vuelta-a-espana,2023,20,207.8000030517578,4361.0,186.0,846.0,"[0, 0, 0, 4.0, 26.0, 0, 0, 0, 0, 0, 85.1, 0, 0, 108.1, 0]"
526,vuelta-a-espana,2023,21,101.5,878.0,12.0,846.0,"[0, 0, 0, 0, 0, 0, 0, 0, 0, 0, 0, 0, 0, 0, 0]"
527,vuelta-a-espana,2023,22,,,,,
