race,year,stage,distance,vertical meters,profile score,startlist quality,time gap
tour-de-france,2000,1,16.5,205.0,0.0,1437.0,2.0
tour-de-france,2000,2,194.0,1383.0,24.0,1437.0,0
tour-de-france,2000,3,161.5,1331.0,22.0,1437.0,0
tour-de-france,2000,4,70.0,202.0,0.0,1437.0,62.6
tour-de-france,2000,5,202.0,2014.0,40.0,1437.0,0
tour-de-france,2000,6,198.5,1522.0,17.0,1437.0,0
tour-de-france,2000,7,205.5,1997.0,43.0,1437.0,71.1
tour-de-france,2000,8,203.5,2570.0,70.0,1437.0,52.0
tour-de-france,2000,9,181.0,1762.0,33.0,1437.0,0
tour-de-france,2000,10,205.0,5202.0,459.0,1437.0,42.0
tour-de-france,2000,11,218.5,2632.0,87.0,1437.0,0
tour-de-france,2000,12,149.0,3830.0,386.0,1437.0,0
tour-de-france,2000,13,185.5,2270.0,54.0,1437.0,25.0
tour-de-france,2000,14,249.0,6425.0,346.0,1437.0,150.2
tour-de-france,2000,15,173.5,5231.0,461.0,1437.0,41.0
tour-de-france,2000,16,196.0,4992.0,354.0,1437.0,24.0
tour-de-france,2000,17,155.0,2455.0,111.0,1437.0,0
tour-de-france,2000,18,246.5,2137.0,44.0,1437.0,0
tour-de-france,2000,19,58.5,235.0,4.0,1437.0,25.0
tour-de-france,2000,20,254.5,2404.0,41.0,1437.0,0
tour-de-france,2001,1,194.5,1885.0,60.0,1496.0,0
tour-de-france,2001,2,220.5,1044.0,7.0,1496.0,0
tour-de-france,2001,3,198.5,2098.0,114.0,1496.0,0
tour-de-france,2001,4,215.0,2901.0,87.0,1496.0,0
tour-de-france,2001,5,67.0,731.0,33.0,1496.0,Error
tour-de-france,2001,6,211.5,2541.0,75.0,1496.0,0
tour-de-france,2001,7,162.0,3300.0,213.0,1496.0,11.0
tour-de-france,2001,8,222.5,2250.0,133.0,1496.0,0
tour-de-france,2001,9,185.0,2500.0,157.0,1496.0,16.0
tour-de-france,2001,10,209.0,5864.0,431.0,1496.0,119.1
tour-de-france,2001,11,32.0,1863.0,327.0,1496.0,60.1
tour-de-france,2001,12,166.0,4000.0,414.0,1496.0,13.0
tour-de-france,2001,13,194.0,5500.0,599.0,1496.0,60.1
tour-de-france,2001,14,141.5,5174.0,547.0,1496.0,54.0
tour-de-france,2001,15,232.5,3300.0,108.0,1496.0,0
tour-de-france,2001,16,227.5,3500.0,188.0,1496.0,5.0
tour-de-france,2001,17,194.0,3000.0,123.0,1496.0,0
tour-de-france,2001,18,61.0,541.0,24.0,1496.0,84.1
tour-de-france,2001,19,149.5,1022.0,22.0,1496.0,0
tour-de-france,2001,20,160.5,1873.0,26.0,1496.0,0
tour-de-france,2002,1,192.5,3000.0,165.0,1489.0,0
tour-de-france,2002,2,181.0,2860.0,99.0,1489.0,0
tour-de-france,2002,3,174.5,1351.0,21.0,1489.0,0
tour-de-france,2002,4,67.5,763.0,34.0,1489.0,Error
tour-de-france,2002,5,195.0,1503.0,22.0,1489.0,0
tour-de-france,2002,6,199.5,2081.0,36.0,1489.0,0
tour-de-france,2002,7,176.0,2234.0,70.0,1489.0,0
tour-de-france,2002,8,217.5,2436.0,89.0,1489.0,0
tour-de-france,2002,9,52.0,616.0,24.0,1489.0,11.0
tour-de-france,2002,10,147.0,1183.0,54.0,1489.0,27.0
tour-de-france,2002,11,158.0,4000.0,393.0,1489.0,7.0
tour-de-france,2002,12,199.5,5000.0,557.0,1489.0,64.1
tour-de-france,2002,13,171.0,2180.0,62.0,1489.0,0
tour-de-france,2002,14,221.0,4000.0,380.0,1489.0,118.1
tour-de-france,2002,15,226.5,4619.0,281.0,1489.0,111.1
tour-de-france,2002,16,179.5,5161.0,370.0,1489.0,85.1
tour-de-france,2002,17,142.0,4000.0,382.0,1489.0,0
tour-de-france,2002,18,176.5,3814.0,193.0,1489.0,0
tour-de-france,2002,19,50.0,857.0,63.0,1489.0,52.0
tour-de-france,2002,20,140.0,1423.0,16.0,1489.0,0
tour-de-france,2003,1,168.0,1476.0,31.0,1688.0,0
tour-de-france,2003,2,204.5,2461.0,73.0,1688.0,0
tour-de-france,2003,3,167.5,1605.0,32.0,1688.0,0
tour-de-france,2003,4,69.0,592.0,21.0,1688.0,Error
tour-de-france,2003,5,196.5,2316.0,49.0,1688.0,0
tour-de-france,2003,6,230.0,2000.0,69.0,1688.0,0
tour-de-france,2003,7,230.5,4500.0,340.0,1688.0,149.2
tour-de-france,2003,8,219.0,5500.0,550.0,1688.0,105.1
tour-de-france,2003,9,184.5,4500.0,314.0,1688.0,36.0
tour-de-france,2003,10,219.5,2000.0,100.0,1688.0,0
tour-de-france,2003,11,153.5,1858.0,61.0,1688.0,4.0
tour-de-france,2003,12,47.0,712.0,49.0,1688.0,96.1
tour-de-france,2003,13,197.5,4000.0,496.0,1688.0,61.1
tour-de-france,2003,14,191.5,5000.0,498.0,1688.0,0
tour-de-france,2003,15,159.5,4500.0,564.0,1688.0,40.0
tour-de-france,2003,16,197.5,4000.0,243.0,1688.0,115.1
tour-de-france,2003,17,181.0,808.0,7.0,1688.0,17.0
tour-de-france,2003,18,202.5,1678.0,16.0,1688.0,0
tour-de-france,2003,19,49.0,395.0,12.0,1688.0,9.0
tour-de-france,2003,20,152.0,757.0,7.0,1688.0,0
tour-de-france,2004,1,202.5,2864.0,68.0,1555.0,0
tour-de-france,2004,2,197.0,1852.0,44.0,1555.0,0
tour-de-france,2004,3,210.0,1615.0,18.0,1555.0,0
tour-de-france,2004,4,64.5,653.0,11.0,1555.0,Error
tour-de-france,2004,5,200.5,2026.0,37.0,1555.0,0
tour-de-france,2004,6,196.0,1398.0,19.0,1555.0,0
tour-de-france,2004,7,204.5,2306.0,52.0,1555.0,0
tour-de-france,2004,8,168.0,2306.0,70.0,1555.0,0
tour-de-france,2004,9,160.5,2000.0,96.0,1555.0,0
tour-de-france,2004,10,237.0,4500.0,258.0,1555.0,319.5
tour-de-france,2004,11,164.0,3248.0,175.0,1555.0,135.2
tour-de-france,2004,12,197.5,3867.0,344.0,1555.0,0
tour-de-france,2004,13,205.5,5500.0,560.0,1555.0,0
tour-de-france,2004,14,192.5,1808.0,38.0,1555.0,25.0
tour-de-france,2004,15,180.5,4818.0,367.0,1555.0,0
tour-de-france,2004,16,15.5,1384.0,249.0,1555.0,61.1
tour-de-france,2004,17,204.5,6000.0,505.0,1555.0,0
tour-de-france,2004,18,166.5,2500.0,167.0,1555.0,0
tour-de-france,2004,19,55.0,1042.0,89.0,1555.0,61.1
tour-de-france,2004,20,163.0,1453.0,25.0,1555.0,0
tour-de-france,2005,1,19.0,27.0,0.0,1535.0,2.0
tour-de-france,2005,2,182.0,432.0,1.0,1535.0,0
tour-de-france,2005,3,212.0,1465.0,19.0,1535.0,0
tour-de-france,2005,4,67.5,355.0,7.0,1535.0,Error
tour-de-france,2005,5,183.0,1018.0,6.0,1535.0,0
tour-de-france,2005,6,199.0,1750.0,41.0,1535.0,0
tour-de-france,2005,7,228.0,1314.0,12.0,1535.0,0
tour-de-france,2005,8,231.0,2493.0,100.0,1535.0,0
tour-de-france,2005,9,171.0,2805.0,94.0,1535.0,184.3
tour-de-france,2005,10,181.0,4197.0,313.0,1535.0,0
tour-de-france,2005,11,173.0,4280.0,261.0,1535.0,1.0
tour-de-france,2005,12,187.0,3021.0,148.0,1535.0,57.0
tour-de-france,2005,13,174.0,1117.0,12.0,1535.0,0
tour-de-france,2005,14,174.0,4188.0,334.0,1535.0,56.0
tour-de-france,2005,15,206.0,5633.0,489.0,1535.0,6.0
tour-de-france,2005,16,181.0,3560.0,150.0,1535.0,0
tour-de-france,2005,17,240.0,2830.0,92.0,1535.0,0
tour-de-france,2005,18,189.0,2947.0,157.0,1535.0,27.0
tour-de-france,2005,19,154.0,2344.0,66.0,1535.0,10.0
tour-de-france,2005,20,55.0,806.0,50.0,1535.0,23.0
tour-de-france,2006,1,184.5,913.0,5.0,1340.0,0
tour-de-france,2006,2,228.5,2679.0,65.0,1340.0,0
tour-de-france,2006,3,216.5,2423.0,66.0,1340.0,5.0
tour-de-france,2006,4,207.0,1736.0,20.0,1340.0,0
tour-de-france,2006,5,225.0,1595.0,22.0,1340.0,0
tour-de-france,2006,6,189.0,1378.0,18.0,1340.0,0
tour-de-france,2006,7,52.0,389.0,1.0,1340.0,60.1
tour-de-france,2006,8,181.0,1465.0,17.0,1340.0,125.2
tour-de-france,2006,9,169.5,326.0,0.0,1340.0,0
tour-de-france,2006,10,190.5,3595.0,174.0,1340.0,0
tour-de-france,2006,11,206.5,5721.0,307.0,1340.0,0
tour-de-france,2006,12,211.5,1750.0,30.0,1340.0,27.0
tour-de-france,2006,13,231.0,1647.0,18.0,1340.0,0
tour-de-france,2006,14,180.5,2644.0,76.0,1340.0,0
tour-de-france,2006,15,187.0,4442.0,335.0,1340.0,11.0
tour-de-france,2006,16,182.0,5456.0,393.0,1340.0,101.1
tour-de-france,2006,17,200.5,4356.0,308.0,1340.0,342.5
tour-de-france,2006,18,197.0,1751.0,47.0,1340.0,0
tour-de-france,2006,19,57.0,376.0,8.0,1340.0,41.0
tour-de-france,2006,20,154.5,376.0,9.0,1340.0,0
tour-de-france,2007,1,203.0,1709.0,27.0,1612.0,0
tour-de-france,2007,2,168.5,337.0,0.0,1612.0,0
tour-de-france,2007,3,236.5,1397.0,12.0,1612.0,0
tour-de-france,2007,4,193.0,1652.0,34.0,1612.0,0
tour-de-france,2007,5,182.5,2703.0,88.0,1612.0,0
tour-de-france,2007,6,199.5,1484.0,20.0,1612.0,0
tour-de-france,2007,7,197.5,3250.0,199.0,1612.0,40.0
tour-de-france,2007,8,165.0,4933.0,344.0,1612.0,167.2
tour-de-france,2007,9,159.5,3458.0,247.0,1612.0,38.0
tour-de-france,2007,10,229.5,1917.0,44.0,1612.0,0
tour-de-france,2007,11,182.5,854.0,7.0,1612.0,0
tour-de-france,2007,12,178.5,2337.0,74.0,1612.0,0
tour-de-france,2007,13,54.0,533.0,26.0,1612.0,74.1
tour-de-france,2007,14,197.0,4370.0,371.0,1612.0,0
tour-de-france,2007,15,196.0,5445.0,369.0,1612.0,51.0
tour-de-france,2007,16,218.5,6031.0,453.0,1612.0,26.0
tour-de-france,2007,17,188.5,1734.0,44.0,1612.0,0
tour-de-france,2007,18,211.0,1938.0,32.0,1612.0,1.0
tour-de-france,2007,19,55.5,480.0,14.0,1612.0,51.0
tour-de-france,2007,20,146.0,796.0,10.0,1612.0,0
tour-de-france,2008,1,197.5,2324.0,51.0,1520.0,1.0
tour-de-france,2008,2,164.5,1888.0,50.0,1520.0,0
tour-de-france,2008,3,208.0,1507.0,13.0,1520.0,0
tour-de-france,2008,4,29.5,338.0,9.0,1520.0,18.0
tour-de-france,2008,5,232.0,1299.0,10.0,1520.0,0
tour-de-france,2008,6,195.5,3280.0,167.0,1520.0,1.0
tour-de-france,2008,7,159.0,2431.0,119.0,1520.0,6.0
tour-de-france,2008,8,172.5,1892.0,48.0,1520.0,0
tour-de-france,2008,9,224.0,3778.0,217.0,1520.0,64.1
tour-de-france,2008,10,156.0,3794.0,346.0,1520.0,0
tour-de-france,2008,11,167.5,2863.0,148.0,1520.0,0
tour-de-france,2008,12,168.5,1197.0,12.0,1520.0,0
tour-de-france,2008,13,182.0,1405.0,19.0,1520.0,0
tour-de-france,2008,14,194.5,1726.0,47.0,1520.0,0
tour-de-france,2008,15,183.0,3739.0,237.0,1520.0,3.0
tour-de-france,2008,16,157.0,4174.0,259.0,1520.0,0
tour-de-france,2008,17,210.5,5405.0,389.0,1520.0,123.2
tour-de-france,2008,18,196.5,1905.0,75.0,1520.0,0
tour-de-france,2008,19,165.5,1814.0,43.0,1520.0,0
tour-de-france,2008,20,53.0,408.0,14.0,1520.0,21.0
tour-de-france,2009,1,15.5,316.0,40.0,1557.0,18.0
tour-de-france,2009,2,187.0,2387.0,49.0,1557.0,0
tour-de-france,2009,3,196.5,987.0,13.0,1557.0,0
tour-de-france,2009,4,39.0,430.0,15.0,1557.0,Error
tour-de-france,2009,5,196.5,1014.0,8.0,1557.0,7.0
tour-de-france,2009,6,181.5,2227.0,63.0,1557.0,0
tour-de-france,2009,7,224.0,4910.0,253.0,1557.0,5.0
tour-de-france,2009,8,176.5,3582.0,170.0,1557.0,0
tour-de-france,2009,9,160.5,2915.0,110.0,1557.0,0
tour-de-france,2009,10,194.5,2076.0,28.0,1557.0,0
tour-de-france,2009,11,192.0,1535.0,25.0,1557.0,0
tour-de-france,2009,12,211.5,2340.0,50.0,1557.0,48.0
tour-de-france,2009,13,200.0,3019.0,139.0,1557.0,251.4
tour-de-france,2009,14,199.0,1709.0,40.0,1557.0,16.0
tour-de-france,2009,15,207.5,3659.0,196.0,1557.0,43.0
tour-de-france,2009,16,159.0,3895.0,181.0,1557.0,6.0
tour-de-france,2009,17,169.5,4781.0,343.0,1557.0,0
tour-de-france,2009,18,40.5,344.0,27.0,1557.0,3.0
tour-de-france,2009,19,178.0,1891.0,63.0,1557.0,0
tour-de-france,2009,20,167.0,3767.0,343.0,1557.0,3.0
tour-de-france,2010,1,223.5,420.0,0.0,1685.0,0
tour-de-france,2010,2,201.0,2708.0,98.0,1685.0,236.3
tour-de-france,2010,3,213.0,1168.0,7.0,1685.0,0
tour-de-france,2010,4,153.5,1107.0,7.0,1685.0,0
tour-de-france,2010,5,187.5,1374.0,19.0,1685.0,0
tour-de-france,2010,6,227.5,2345.0,44.0,1685.0,0
tour-de-france,2010,7,165.5,3446.0,211.0,1685.0,57.0
tour-de-france,2010,8,189.0,3636.0,297.0,1685.0,0
tour-de-france,2010,9,204.5,5144.0,264.0,1685.0,0
tour-de-france,2010,10,179.0,3187.0,162.0,1685.0,0
tour-de-france,2010,11,184.5,1264.0,21.0,1685.0,0
tour-de-france,2010,12,210.5,3485.0,143.0,1685.0,0
tour-de-france,2010,13,196.0,2163.0,60.0,1685.0,13.0
tour-de-france,2010,14,184.5,3796.0,324.0,1685.0,54.0
tour-de-france,2010,15,187.5,3542.0,237.0,1685.0,80.1
tour-de-france,2010,16,199.5,4721.0,202.0,1685.0,0
tour-de-france,2010,17,174.0,4681.0,410.0,1685.0,0
tour-de-france,2010,18,198.0,1056.0,9.0,1685.0,0
tour-de-france,2010,19,52.0,167.0,0.0,1685.0,17.0
tour-de-france,2010,20,102.5,481.0,6.0,1685.0,0
tour-de-france,2011,1,191.5,1286.0,35.0,1713.0,3.0
tour-de-france,2011,2,23.0,188.0,0.0,1713.0,Error
tour-de-france,2011,3,198.0,1066.0,11.0,1713.0,0
tour-de-france,2011,4,172.5,2250.0,83.0,1713.0,0
tour-de-france,2011,5,164.5,1652.0,39.0,1713.0,0
tour-de-france,2011,6,226.5,2373.0,52.0,1713.0,0
tour-de-france,2011,7,215.0,1304.0,6.0,1713.0,0
tour-de-france,2011,8,190.0,3019.0,130.0,1713.0,12.0
tour-de-france,2011,9,208.0,3975.0,160.0,1713.0,5.0
tour-de-france,2011,10,161.0,1933.0,77.0,1713.0,0
tour-de-france,2011,11,168.5,1695.0,42.0,1713.0,0
tour-de-france,2011,12,211.0,4563.0,399.0,1713.0,7.0
tour-de-france,2011,13,152.5,2605.0,148.0,1713.0,10.0
tour-de-france,2011,14,168.5,5420.0,462.0,1713.0,21.0
tour-de-france,2011,15,192.5,1464.0,25.0,1713.0,0
tour-de-france,2011,16,162.5,2372.0,90.0,1713.0,0
tour-de-france,2011,17,179.0,3193.0,170.0,1713.0,40.0
tour-de-france,2011,18,189.0,5268.0,329.0,1713.0,127.2
tour-de-france,2011,19,109.5,3571.0,368.0,1713.0,14.0
tour-de-france,2011,20,42.5,709.0,53.0,1713.0,7.0
tour-de-france,2012,1,198.0,2680.0,66.0,1703.0,0
tour-de-france,2012,2,207.5,1509.0,18.0,1703.0,0
tour-de-france,2012,3,197.0,1551.0,86.0,1703.0,1.0
tour-de-france,2012,4,214.5,1698.0,25.0,1703.0,0
tour-de-france,2012,5,196.5,1250.0,11.0,1703.0,0
tour-de-france,2012,6,205.0,1535.0,16.0,1703.0,0
tour-de-france,2012,7,199.0,2736.0,168.0,1703.0,2.0
tour-de-france,2012,8,157.5,3072.0,179.0,1703.0,26.0
tour-de-france,2012,9,41.5,499.0,35.0,1703.0,35.0
tour-de-france,2012,10,194.5,3350.0,208.0,1703.0,3.0
tour-de-france,2012,11,148.0,4987.0,387.0,1703.0,55.0
tour-de-france,2012,12,226.0,3399.0,126.0,1703.0,0
tour-de-france,2012,13,217.0,1795.0,50.0,1703.0,0
tour-de-france,2012,14,191.0,3284.0,206.0,1703.0,47.0
tour-de-france,2012,15,158.5,2173.0,71.0,1703.0,0
tour-de-france,2012,16,197.0,5291.0,293.0,1703.0,100.1
tour-de-france,2012,17,143.5,4383.0,400.0,1703.0,19.0
tour-de-france,2012,18,222.5,2146.0,55.0,1703.0,0
tour-de-france,2012,19,53.5,249.0,2.0,1703.0,76.1
tour-de-france,2012,20,120.0,699.0,7.0,1703.0,0
tour-de-france,2013,1,213.0,1529.0,13.0,1690.0,0
tour-de-france,2013,2,156.0,2373.0,95.0,1690.0,1.0
tour-de-france,2013,3,145.5,2426.0,109.0,1690.0,0
tour-de-france,2013,4,25.0,48.0,0.0,1690.0,Error
tour-de-france,2013,5,228.5,2775.0,68.0,1690.0,0
tour-de-france,2013,6,176.5,837.0,8.0,1690.0,0
tour-de-france,2013,7,205.5,2675.0,66.0,1690.0,0
tour-de-france,2013,8,195.0,3839.0,345.0,1690.0,51.0
tour-de-france,2013,9,168.5,4411.0,252.0,1690.0,0
tour-de-france,2013,10,197.0,1762.0,25.0,1690.0,0
tour-de-france,2013,11,33.0,283.0,6.0,1690.0,12.0
tour-de-france,2013,12,218.0,1425.0,10.0,1690.0,0
tour-de-france,2013,13,173.0,1036.0,7.0,1690.0,0
tour-de-france,2013,14,191.0,2158.0,60.0,1690.0,0
tour-de-france,2013,15,242.5,4146.0,342.0,1690.0,29.0
tour-de-france,2013,16,168.0,3073.0,123.0,1690.0,42.0
tour-de-france,2013,17,32.0,928.0,104.0,1690.0,9.0
tour-de-france,2013,18,172.5,4789.0,417.0,1690.0,59.0
tour-de-france,2013,19,204.5,5567.0,369.0,1690.0,48.0
tour-de-france,2013,20,125.0,3909.0,353.0,1690.0,18.0
tour-de-france,2013,21,118.0,766.0,8.0,1690.0,0
tour-de-france,2014,1,190.5,2092.0,50.0,1612.0,0
tour-de-france,2014,2,201.0,3347.0,160.0,1612.0,2.0
tour-de-france,2014,3,155.0,834.0,4.0,1612.0,0
tour-de-france,2014,4,163.5,1118.0,21.0,1612.0,0
tour-de-france,2014,5,155.5,475.0,0.0,1612.0,19.0
tour-de-france,2014,6,194.0,1422.0,23.0,1612.0,0
tour-de-france,2014,7,234.5,2076.0,55.0,1612.0,0
tour-de-france,2014,8,161.0,1872.0,150.0,1612.0,137.2
tour-de-france,2014,9,170.0,3373.0,137.0,1612.0,165.2
tour-de-france,2014,10,161.5,3906.0,303.0,1612.0,15.0
tour-de-france,2014,11,187.5,2711.0,128.0,1612.0,0
tour-de-france,2014,12,185.5,2530.0,64.0,1612.0,0
tour-de-france,2014,13,197.5,3865.0,363.0,1612.0,10.0
tour-de-france,2014,14,177.0,4838.0,344.0,1612.0,24.0
tour-de-france,2014,15,222.0,1675.0,20.0,1612.0,0
tour-de-france,2014,16,237.5,4047.0,247.0,1612.0,9.0
tour-de-france,2014,17,124.5,3810.0,410.0,1612.0,29.0
tour-de-france,2014,18,145.5,3748.0,336.0,1612.0,70.1
tour-de-france,2014,19,208.5,1659.0,43.0,1612.0,7.0
tour-de-france,2014,20,54.0,611.0,21.0,1612.0,99.1
tour-de-france,2014,21,137.5,805.0,6.0,1612.0,0
tour-de-france,2015,1,13.8,28.0,0.0,1812.0,5.0
tour-de-france,2015,2,166.0,241.0,0.0,1812.0,0
tour-de-france,2015,3,159.5,1435.0,100.0,1812.0,0
tour-de-france,2015,4,223.5,1552.0,15.0,1812.0,3.0
tour-de-france,2015,5,189.5,1606.0,24.0,1812.0,0
tour-de-france,2015,6,191.5,1694.0,38.0,1812.0,2.0
tour-de-france,2015,7,190.5,1694.0,25.0,1812.0,0
tour-de-france,2015,8,181.5,2057.0,72.0,1812.0,5.0
tour-de-france,2015,9,28.0,401.0,25.0,1812.0,Error
tour-de-france,2015,10,167.0,2655.0,271.0,1812.0,59.0
tour-de-france,2015,11,188.0,4099.0,275.0,1812.0,60.1
tour-de-france,2015,12,195.0,4948.0,393.0,1812.0,72.1
tour-de-france,2015,13,198.5,2299.0,81.0,1812.0,0
tour-de-france,2015,14,178.5,2772.0,186.0,1812.0,2.0
tour-de-france,2015,15,183.0,1993.0,53.0,1812.0,0
tour-de-france,2015,16,201.0,2322.0,89.0,1812.0,30.0
tour-de-france,2015,17,161.0,4208.0,253.0,1812.0,32.0
tour-de-france,2015,18,186.5,4424.0,260.0,1812.0,33.0
tour-de-france,2015,19,138.0,4545.0,376.0,1812.0,44.0
tour-de-france,2015,20,110.5,3164.0,332.0,1812.0,18.0
tour-de-france,2015,21,109.5,562.0,5.0,1812.0,0
tour-de-france,2016,1,188.0,1071.0,10.0,1758.0,0
tour-de-france,2016,2,183.0,1985.0,70.0,1758.0,0
tour-de-france,2016,3,223.5,1975.0,20.0,1758.0,0
tour-de-france,2016,4,237.5,1934.0,47.0,1758.0,0
tour-de-france,2016,5,216.0,4105.0,225.0,1758.0,154.2
tour-de-france,2016,6,190.5,2025.0,47.0,1758.0,0
tour-de-france,2016,7,162.5,2578.0,176.0,1758.0,64.1
tour-de-france,2016,8,184.0,4597.0,302.0,1758.0,13.0
tour-de-france,2016,9,184.0,4948.0,366.0,1758.0,38.0
tour-de-france,2016,10,197.0,2432.0,80.0,1758.0,0
tour-de-france,2016,11,162.5,1381.0,24.0,1758.0,0
tour-de-france,2016,12,178.0,2416.0,268.0,1758.0,2.0
tour-de-france,2016,13,37.5,752.0,54.0,1758.0,63.1
tour-de-france,2016,14,208.5,1958.0,30.0,1758.0,0
tour-de-france,2016,15,159.0,4386.0,286.0,1758.0,0
tour-de-france,2016,16,209.0,1967.0,48.0,1758.0,0
tour-de-france,2016,17,184.5,3891.0,359.0,1758.0,55.0
tour-de-france,2016,18,17.0,676.0,104.0,1758.0,21.0
tour-de-france,2016,19,146.0,4436.0,337.0,1758.0,23.0
tour-de-france,2016,20,146.5,4127.0,314.0,1758.0,19.0
tour-de-france,2016,21,113.0,713.0,7.0,1758.0,0
tour-de-france,2017,1,14.0,61.0,1.0,1791.0,5.0
tour-de-france,2017,2,203.5,1278.0,25.0,1791.0,0
tour-de-france,2017,3,212.5,2706.0,77.0,1791.0,0
tour-de-france,2017,4,207.5,1404.0,24.0,1791.0,0
tour-de-france,2017,5,160.5,2348.0,151.0,1791.0,16.0
tour-de-france,2017,6,216.0,1735.0,29.0,1791.0,0
tour-de-france,2017,7,213.5,1578.0,20.0,1791.0,0
tour-de-france,2017,8,187.5,3591.0,229.0,1791.0,37.0
tour-de-france,2017,9,181.5,4696.0,275.0,1791.0,0
tour-de-france,2017,10,178.0,1407.0,25.0,1791.0,0
tour-de-france,2017,11,203.5,1163.0,15.0,1791.0,0
tour-de-france,2017,12,214.5,4903.0,375.0,1791.0,2.0
tour-de-france,2017,13,101.0,2856.0,243.0,1791.0,0
tour-de-france,2017,14,181.5,1786.0,85.0,1791.0,0
tour-de-france,2017,15,189.5,3164.0,154.0,1791.0,19.0
tour-de-france,2017,16,165.0,2033.0,47.0,1791.0,0
tour-de-france,2017,17,183.0,5064.0,300.0,1791.0,73.1
tour-de-france,2017,18,179.5,4059.0,338.0,1791.0,20.0
tour-de-france,2017,19,222.5,2613.0,59.0,1791.0,5.0
tour-de-france,2017,20,22.5,160.0,22.0,1791.0,1.0
tour-de-france,2017,21,105.0,519.0,4.0,1791.0,0
tour-de-france,2018,1,201.0,454.0,2.0,1689.0,0
tour-de-france,2018,2,182.5,1395.0,14.0,1689.0,0
tour-de-france,2018,3,35.5,387.0,13.0,1689.0,Error
tour-de-france,2018,4,195.0,1155.0,14.0,1689.0,0
tour-de-france,2018,5,204.5,2704.0,107.0,1689.0,0
tour-de-france,2018,6,181.0,2027.0,95.0,1689.0,1.0
tour-de-france,2018,7,231.0,2255.0,40.0,1689.0,0
tour-de-france,2018,8,181.0,1284.0,17.0,1689.0,0
tour-de-france,2018,9,156.5,618.0,1.0,1689.0,0
tour-de-france,2018,10,158.5,4254.0,320.0,1689.0,94.1
tour-de-france,2018,11,108.5,4093.0,349.0,1689.0,20.0
tour-de-france,2018,12,175.5,5362.0,405.0,1689.0,2.0
tour-de-france,2018,13,169.5,1302.0,46.0,1689.0,0
tour-de-france,2018,14,188.0,3365.0,189.0,1689.0,6.0
tour-de-france,2018,15,181.0,2917.0,118.0,1689.0,0
tour-de-france,2018,16,218.0,3521.0,202.0,1689.0,15.0
tour-de-france,2018,17,65.0,3274.0,428.0,1689.0,28.0
tour-de-france,2018,18,171.0,1312.0,34.0,1689.0,0
tour-de-france,2018,19,200.5,5046.0,290.0,1689.0,19.0
tour-de-france,2018,20,31.0,543.0,46.0,1689.0,1.0
tour-de-france,2018,21,116.0,732.0,6.0,1689.0,0
tour-de-france,2019,1,194.5,1582.0,20.0,1699.0,0
tour-de-france,2019,2,27.6,267.0,7.0,1699.0,Error
tour-de-france,2019,3,215.0,2299.0,97.0,1699.0,26.0
tour-de-france,2019,4,213.5,1555.0,32.0,1699.0,0
tour-de-france,2019,5,175.5,2325.0,132.0,1699.0,0
tour-de-france,2019,6,160.5,3944.0,329.0,1699.0,11.0
tour-de-france,2019,7,230.0,2367.0,36.0,1699.0,0
tour-de-france,2019,8,200.0,3844.0,189.0,1699.0,6.0
tour-de-france,2019,9,170.5,2717.0,114.0,1699.0,0
tour-de-france,2019,10,217.5,3031.0,85.0,1699.0,0
tour-de-france,2019,11,167.0,1827.0,43.0,1699.0,0
tour-de-france,2019,12,209.5,3088.0,177.0,1699.0,0
tour-de-france,2019,13,27.2,391.0,33.0,1699.0,14.0
tour-de-france,2019,14,111.0,3376.0,359.0,1699.0,6.0
tour-de-france,2019,15,185.0,4345.0,365.0,1699.0,33.0
tour-de-france,2019,16,177.0,1626.0,29.0,1699.0,0
tour-de-france,2019,17,200.0,2472.0,85.0,1699.0,37.0
tour-de-france,2019,18,208.0,5215.0,232.0,1699.0,95.1
tour-de-france,2019,19,89.0,2995.0,317.0,1699.0,13.0
tour-de-france,2019,20,59.5,2228.0,267.0,1699.0,10.0
tour-de-france,2019,21,128.0,781.0,10.0,1699.0,0
tour-de-france,2020,1,156.0,1597.0,46.0,1662.0,0
tour-de-france,2020,2,185.0,4066.0,188.0,1662.0,0
tour-de-france,2020,3,198.0,3003.0,81.0,1662.0,0
tour-de-france,2020,4,160.5,3200.0,200.0,1662.0,0
tour-de-france,2020,5,183.0,1388.0,31.0,1662.0,0
tour-de-france,2020,6,191.0,3087.0,227.0,1662.0,55.0
tour-de-france,2020,7,168.0,2011.0,47.0,1662.0,0
tour-de-france,2020,8,141.0,3821.0,295.0,1662.0,47.0
tour-de-france,2020,9,153.0,3500.0,239.0,1662.0,0
tour-de-france,2020,10,168.5,531.0,2.0,1662.0,0
tour-de-france,2020,11,166.5,1008.0,13.0,1662.0,0
tour-de-france,2020,12,218.0,3389.0,142.0,1662.0,47.0
tour-de-france,2020,13,191.5,4459.0,302.0,1662.0,4.0
tour-de-france,2020,14,194.0,2646.0,73.0,1662.0,15.0
tour-de-france,2020,15,174.5,3724.0,390.0,1662.0,0
tour-de-france,2020,16,164.0,3903.0,250.0,1662.0,87.1
tour-de-france,2020,17,170.0,4430.0,444.0,1662.0,15.0
tour-de-france,2020,18,175.0,5166.0,314.0,1662.0,0
tour-de-france,2020,19,166.5,2208.0,77.0,1662.0,53.0
tour-de-france,2020,20,36.2,962.0,135.0,1662.0,81.1
tour-de-france,2020,21,122.0,816.0,11.0,1662.0,0
tour-de-france,2021,1,197.8,2843.0,109.0,1646.0,8.0
tour-de-france,2021,2,183.5,2210.0,102.0,1646.0,6.0
tour-de-france,2021,3,182.9,1534.0,34.0,1646.0,0
tour-de-france,2021,4,150.4,1404.0,24.0,1646.0,0
tour-de-france,2021,5,27.2,356.0,17.0,1646.0,19.0
tour-de-france,2021,6,160.4,977.0,5.0,1646.0,0
tour-de-france,2021,7,249.1,3120.0,146.0,1646.0,80.1
tour-de-france,2021,8,150.8,3557.0,310.0,1646.0,44.0
tour-de-france,2021,9,144.9,4628.0,381.0,1646.0,307.5
tour-de-france,2021,10,190.7,1488.0,29.0,1646.0,0
tour-de-france,2021,11,198.9,4671.0,282.0,1646.0,74.1
tour-de-france,2021,12,159.4,2052.0,52.0,1646.0,31.0
tour-de-france,2021,13,219.9,2023.0,29.0,1646.0,0
tour-de-france,2021,14,183.7,2877.0,125.0,1646.0,64.1
tour-de-france,2021,15,191.3,4572.0,234.0,1646.0,23.0
tour-de-france,2021,16,169.0,3260.0,177.0,1646.0,42.0
tour-de-france,2021,17,178.4,4375.0,450.0,1646.0,3.0
tour-de-france,2021,18,129.7,3561.0,367.0,1646.0,2.0
tour-de-france,2021,19,207.0,1181.0,16.0,1646.0,58.0
tour-de-france,2021,20,30.8,246.0,8.0,1646.0,21.0
tour-de-france,2021,21,108.4,699.0,14.0,1646.0,0
tour-de-france,2022,1,13.2,21.0,0.0,1551.0,5.0
tour-de-france,2022,2,202.2,1149.0,11.0,1551.0,0
tour-de-france,2022,3,182.0,1280.0,16.0,1551.0,0
tour-de-france,2022,4,171.5,1785.0,63.0,1551.0,8.0
tour-de-france,2022,5,157.0,601.0,1.0,1551.0,0
tour-de-france,2022,6,219.9,2477.0,85.0,1551.0,0
tour-de-france,2022,7,176.3,2526.0,192.0,1551.0,0
tour-de-france,2022,8,186.3,2556.0,87.0,1551.0,0
tour-de-france,2022,9,192.9,3743.0,223.0,1551.0,22.0
tour-de-france,2022,10,148.1,2733.0,143.0,1551.0,0
tour-de-france,2022,11,151.7,4070.0,400.0,1551.0,59.0
tour-de-france,2022,12,165.1,4660.0,389.0,1551.0,48.0
tour-de-france,2022,13,192.6,2109.0,78.0,1551.0,0
tour-de-france,2022,14,192.5,3441.0,170.0,1551.0,15.0
tour-de-france,2022,15,202.5,2416.0,64.0,1551.0,0
tour-de-france,2022,16,178.5,3418.0,204.0,1551.0,70.1
tour-de-france,2022,17,129.7,3364.0,324.0,1551.0,0
tour-de-france,2022,18,143.2,4036.0,408.0,1551.0,64.1
tour-de-france,2022,19,188.3,1316.0,35.0,1551.0,1.0
tour-de-france,2022,20,40.7,434.0,39.0,1551.0,19.0
tour-de-france,2022,21,115.6,748.0,13.0,1551.0,0
tour-de-france,2023,1,182.0,3221.0,166.0,1584.0,4.0
tour-de-france,2023,2,208.9,2949.0,141.0,1584.0,0
tour-de-france,2023,3,193.5,2667.0,68.0,1584.0,0
tour-de-france,2023,4,181.8,1427.0,20.0,1584.0,0
tour-de-france,2023,5,162.7,3652.0,239.0,1584.0,32.0
tour-de-france,2023,6,144.9,3894.0,310.0,1584.0,24.0
tour-de-france,2023,7,169.9,808.0,7.0,1584.0,0
tour-de-france,2023,8,200.7,1996.0,61.0,1584.0,0
tour-de-france,2023,9,182.4,3441.0,273.0,1584.0,28.0
tour-de-france,2023,10,167.2,3151.0,118.0,1584.0,0
tour-de-france,2023,11,179.3,1873.0,34.0,1584.0,0
tour-de-france,2023,12,168.8,3120.0,147.0,1584.0,58.0
tour-de-france,2023,13,137.8,2413.0,260.0,1584.0,47.0
tour-de-france,2023,14,151.8,4281.0,308.0,1584.0,5.0
tour-de-france,2023,15,179.0,4483.0,335.0,1584.0,128.2
tour-de-france,2023,16,22.4,636.0,109.0,1584.0,98.1
tour-de-france,2023,17,165.7,5399.0,445.0,1584.0,34.0
tour-de-france,2023,18,184.9,1216.0,18.0,1584.0,0
tour-de-france,2023,19,172.8,1934.0,50.0,1584.0,0
tour-de-france,2023,20,133.5,3471.0,303.0,1584.0,0
tour-de-france,2023,21,115.1,577.0,14.0,1584.0,0
